country,district,week,pathogen,amr_abundance,predicted_amr
Rwanda,Kigali,2023-01-01,Cholera,2.4,2.614173259029948
Rwanda,Kigali,2023-01-01,E. coli,5.85,2.341707475848796
Rwanda,Kigali,2023-01-01,Salmonella,0.0,2.3437534402496274
Rwanda,Kigali,2023-01-01,Shigella,0.0,3.1398321647133347
Rwanda,Kigali,2023-01-01,Rotavirus,0.0,2.69066890421342
Rwanda,Kigali,2023-01-08,Cholera,10.06,2.359493285523956
Rwanda,Kigali,2023-01-08,E. coli,1.42,2.9540930501463514
Rwanda,Kigali,2023-01-08,Salmonella,0.0,2.817698774869734
Rwanda,Kigali,2023-01-08,Shigella,5.95,2.49601535989605
Rwanda,Kigali,2023-01-08,Rotavirus,5.86,2.94860196753498
Rwanda,Kigali,2023-01-15,Cholera,2.84,3.2857281697619327
Rwanda,Kigali,2023-01-15,E. coli,0.1,2.7768804727318144
Rwanda,Kigali,2023-01-15,Salmonella,3.88,3.336802463563082
Rwanda,Kigali,2023-01-15,Shigella,2.11,2.49601535989605
Rwanda,Kigali,2023-01-15,Rotavirus,0.0,3.323959343782605
Rwanda,Kigali,2023-01-22,Cholera,1.62,2.8525014248708187
Rwanda,Kigali,2023-01-22,E. coli,0.0,3.2353413768737296
Rwanda,Kigali,2023-01-22,Salmonella,9.32,3.336802463563082
Rwanda,Kigali,2023-01-22,Shigella,10.13,3.103398549061424
Rwanda,Kigali,2023-01-22,Rotavirus,5.77,2.9694939381391174
Rwanda,Kigali,2023-01-29,Cholera,0.86,3.706651886203988
Rwanda,Kigali,2023-01-29,E. coli,0.0,3.7564204723271257
Rwanda,Kigali,2023-01-29,Salmonella,1.58,3.8593179934866613
Rwanda,Kigali,2023-01-29,Shigella,1.57,3.531773213086424
Rwanda,Kigali,2023-01-29,Rotavirus,3.73,3.4780917341850595
Rwanda,Kigali,2023-02-05,Cholera,7.24,3.752948761601979
Rwanda,Kigali,2023-02-05,E. coli,6.47,3.6208304702674696
Rwanda,Kigali,2023-02-05,Salmonella,0.0,3.0556521258487686
Rwanda,Kigali,2023-02-05,Shigella,0.0,3.8306087885832953
Rwanda,Kigali,2023-02-05,Rotavirus,3.13,3.346197929632555
Rwanda,Kigali,2023-02-12,Cholera,17.87,5.053163640349168
Rwanda,Kigali,2023-02-12,E. coli,3.47,3.6671273456654614
Rwanda,Kigali,2023-02-12,Salmonella,1.78,3.336802463563082
Rwanda,Kigali,2023-02-12,Shigella,7.7,4.995915915149085
Rwanda,Kigali,2023-02-12,Rotavirus,7.55,4.987168057790505
Rwanda,Kigali,2023-02-19,Cholera,4.26,4.019513924431695
Rwanda,Kigali,2023-02-19,E. coli,6.56,3.2047024158482054
Rwanda,Kigali,2023-02-19,Salmonella,9.13,4.060755570848516
Rwanda,Kigali,2023-02-19,Shigella,9.85,3.8884634327670877
Rwanda,Kigali,2023-02-19,Rotavirus,7.74,3.708268395243452
Rwanda,Kigali,2023-02-26,Cholera,0.0,3.871454932630393
Rwanda,Kigali,2023-02-26,E. coli,5.39,3.791688295874306
Rwanda,Kigali,2023-02-26,Salmonella,12.2,4.9021759528017865
Rwanda,Kigali,2023-02-26,Shigella,3.24,3.531773213086424
Rwanda,Kigali,2023-02-26,Rotavirus,3.68,3.9011993809358616
Rwanda,Kigali,2023-03-05,Cholera,5.41,3.810803405785771
Rwanda,Kigali,2023-03-05,E. coli,0.0,3.7564204723271257
Rwanda,Kigali,2023-03-05,Salmonella,10.91,3.475946887780812
Rwanda,Kigali,2023-03-05,Shigella,5.69,4.074752070839498
Rwanda,Kigali,2023-03-05,Rotavirus,12.26,4.987168057790505
Rwanda,Kigali,2023-03-12,Cholera,2.21,3.836187109083213
Rwanda,Kigali,2023-03-12,E. coli,11.76,3.2353413768737296
Rwanda,Kigali,2023-03-12,Salmonella,10.52,3.755166473904877
Rwanda,Kigali,2023-03-12,Shigella,8.42,3.1542087096003866
Rwanda,Kigali,2023-03-12,Rotavirus,2.79,4.049258372737164
Rwanda,Kigali,2023-03-19,Cholera,4.3,5.026522165149084
Rwanda,Kigali,2023-03-19,E. coli,6.0,3.9605833271571345
Rwanda,Kigali,2023-03-19,Salmonella,4.66,4.958074728039296
Rwanda,Kigali,2023-03-19,Shigella,0.17,3.531773213086424
Rwanda,Kigali,2023-03-19,Rotavirus,4.44,3.8659315573886817
Rwanda,Kigali,2023-03-26,Cholera,9.56,5.181750449835133
Rwanda,Kigali,2023-03-26,E. coli,12.46,5.6025247860105285
Rwanda,Kigali,2023-03-26,Salmonella,0.0,3.884701696784103
Rwanda,Kigali,2023-03-26,Shigella,0.0,5.181750449835133
Rwanda,Kigali,2023-03-26,Rotavirus,2.96,5.045425893667796
Rwanda,Kigali,2023-04-02,Cholera,6.71,5.166302783360601
Rwanda,Kigali,2023-04-02,E. coli,2.24,3.791688295874306
Rwanda,Kigali,2023-04-02,Salmonella,1.13,4.902730178410842
Rwanda,Kigali,2023-04-02,Shigella,7.25,3.9006176072358256
Rwanda,Kigali,2023-04-02,Rotavirus,8.14,5.06920112595126
Rwanda,Kigali,2023-04-09,Cholera,0.65,3.2634895839119826
Rwanda,Kigali,2023-04-09,E. coli,6.82,3.6208304702674696
Rwanda,Kigali,2023-04-09,Salmonella,2.03,4.902730178410842
Rwanda,Kigali,2023-04-09,Shigella,10.42,9.142858310424963
Rwanda,Kigali,2023-04-09,Rotavirus,0.0,5.006647884275688
Rwanda,Kigali,2023-04-16,Cholera,2.64,5.074833947053038
Rwanda,Kigali,2023-04-16,E. coli,11.75,3.9605833271571345
Rwanda,Kigali,2023-04-16,Salmonella,6.96,4.941051646390671
Rwanda,Kigali,2023-04-16,Shigella,0.17,5.044227697053039
Rwanda,Kigali,2023-04-16,Rotavirus,3.77,4.987168057790505
Rwanda,Kigali,2023-04-23,Cholera,2.56,3.836187109083213
Rwanda,Kigali,2023-04-23,E. coli,5.83,5.485821984508877
Rwanda,Kigali,2023-04-23,Salmonella,15.56,10.235274852670418
Rwanda,Kigali,2023-04-23,Shigella,8.12,7.2374148720023594
Rwanda,Kigali,2023-04-23,Rotavirus,5.91,3.9011993809358616
Rwanda,Kigali,2023-04-30,Cholera,0.0,3.836187109083213
Rwanda,Kigali,2023-04-30,E. coli,11.84,3.731036769029684
Rwanda,Kigali,2023-04-30,Salmonella,0.0,3.8014633493028684
Rwanda,Kigali,2023-04-30,Shigella,6.11,5.2677152833606
Rwanda,Kigali,2023-04-30,Rotavirus,7.79,3.4780917341850595
Rwanda,Kigali,2023-05-07,Cholera,4.49,3.810803405785771
Rwanda,Kigali,2023-05-07,E. coli,7.96,2.829620083109217
Rwanda,Kigali,2023-05-07,Salmonella,4.83,4.876088703210757
Rwanda,Kigali,2023-05-07,Shigella,8.04,4.995915915149085
Rwanda,Kigali,2023-05-07,Rotavirus,0.0,3.708268395243452
Rwanda,Kigali,2023-05-14,Cholera,0.0,2.8346910878612444
Rwanda,Kigali,2023-05-14,E. coli,7.89,3.731036769029684
Rwanda,Kigali,2023-05-14,Salmonella,2.75,5.295953802499063
Rwanda,Kigali,2023-05-14,Shigella,6.37,3.9006176072358256
Rwanda,Kigali,2023-05-14,Rotavirus,9.46,3.8659315573886817
Rwanda,Kigali,2023-05-21,Cholera,6.13,2.9052410352482205
Rwanda,Kigali,2023-05-21,E. coli,1.88,3.2353413768737296
Rwanda,Kigali,2023-05-21,Salmonella,4.44,4.060755570848516
Rwanda,Kigali,2023-05-21,Shigella,0.19,3.531773213086424
Rwanda,Kigali,2023-05-21,Rotavirus,0.0,3.4780917341850595
Rwanda,Kigali,2023-05-28,Cholera,10.7,3.810803405785771
Rwanda,Kigali,2023-05-28,E. coli,2.78,3.2353413768737296
Rwanda,Kigali,2023-05-28,Salmonella,3.76,3.0556521258487686
Rwanda,Kigali,2023-05-28,Shigella,0.0,3.3886405921983256
Rwanda,Kigali,2023-05-28,Rotavirus,6.36,4.049258372737164
Rwanda,Kigali,2023-06-04,Cholera,2.61,3.0404252210228666
Rwanda,Kigali,2023-06-04,E. coli,11.47,2.7768804727318144
Rwanda,Kigali,2023-06-04,Salmonella,3.32,3.8593179934866613
Rwanda,Kigali,2023-06-04,Shigella,5.18,3.935885430783005
Rwanda,Kigali,2023-06-04,Rotavirus,6.73,3.346197929632555
Rwanda,Kigali,2023-06-11,Cholera,4.96,3.4248725939796634
Rwanda,Kigali,2023-06-11,E. coli,0.0,2.829620083109217
Rwanda,Kigali,2023-06-11,Salmonella,5.08,3.300102034119183
Rwanda,Kigali,2023-06-11,Shigella,0.0,3.372668111444587
Rwanda,Kigali,2023-06-11,Rotavirus,0.44,3.346197929632555
Rwanda,Kigali,2023-06-18,Cholera,1.37,3.2857281697619327
Rwanda,Kigali,2023-06-18,E. coli,0.0,2.571718863393713
Rwanda,Kigali,2023-06-18,Salmonella,0.0,3.336802463563082
Rwanda,Kigali,2023-06-18,Shigella,5.39,3.372668111444587
Rwanda,Kigali,2023-06-18,Rotavirus,12.75,2.4713821166089973
Rwanda,Kigali,2023-06-25,Cholera,0.0,3.0404252210228666
Rwanda,Kigali,2023-06-25,E. coli,4.96,3.2047024158482054
Rwanda,Kigali,2023-06-25,Salmonella,2.88,2.8411013063515758
Rwanda,Kigali,2023-06-25,Shigella,0.0,3.372668111444587
Rwanda,Kigali,2023-06-25,Rotavirus,3.34,2.9694939381391174
Rwanda,Kigali,2023-07-02,Cholera,9.53,2.614173259029948
Rwanda,Kigali,2023-07-02,E. coli,3.79,2.735667604240398
Rwanda,Kigali,2023-07-02,Salmonella,0.0,2.2961462975205453
Rwanda,Kigali,2023-07-02,Shigella,2.02,2.902159927509554
Rwanda,Kigali,2023-07-02,Rotavirus,0.0,2.4009892384680724
Rwanda,Kigali,2023-07-09,Cholera,0.0,2.299352039962266
Rwanda,Kigali,2023-07-09,E. coli,0.0,2.2815662302871065
Rwanda,Kigali,2023-07-09,Salmonella,2.43,2.817698774869734
Rwanda,Kigali,2023-07-09,Shigella,5.79,2.4248456956164923
Rwanda,Kigali,2023-07-09,Rotavirus,0.0,2.128309613006781
Rwanda,Kigali,2023-07-16,Cholera,0.0,2.299352039962266
Rwanda,Kigali,2023-07-16,E. coli,0.0,2.008238973166196
Rwanda,Kigali,2023-07-16,Salmonella,5.83,2.0973299765617757
Rwanda,Kigali,2023-07-16,Shigella,0.0,2.213000886009483
Rwanda,Kigali,2023-07-16,Rotavirus,0.0,2.128309613006781
Rwanda,Kigali,2023-07-23,Cholera,1.19,1.9507443008365097
Rwanda,Kigali,2023-07-23,E. coli,0.0,1.9593637995440034
Rwanda,Kigali,2023-07-23,Salmonella,4.61,1.9002430119747844
Rwanda,Kigali,2023-07-23,Shigella,6.11,2.1463636316718055
Rwanda,Kigali,2023-07-23,Rotavirus,0.0,1.896474532887272
Rwanda,Kigali,2023-07-30,Cholera,12.86,1.9507443008365097
Rwanda,Kigali,2023-07-30,E. coli,0.75,1.9593637995440034
Rwanda,Kigali,2023-07-30,Salmonella,0.72,1.9002430119747844
Rwanda,Kigali,2023-07-30,Shigella,4.89,2.1463636316718055
Rwanda,Kigali,2023-07-30,Rotavirus,0.07,1.896474532887272
Rwanda,Kigali,2023-08-06,Cholera,0.31,1.9507443008365097
Rwanda,Kigali,2023-08-06,E. coli,2.39,7.758684087700943
Rwanda,Kigali,2023-08-06,Salmonella,3.08,1.9002430119747844
Rwanda,Kigali,2023-08-06,Shigella,1.63,2.1463636316718055
Rwanda,Kigali,2023-08-06,Rotavirus,0.0,1.896474532887272
Rwanda,Kigali,2023-08-13,Cholera,0.0,1.9507443008365097
Rwanda,Kigali,2023-08-13,E. coli,5.25,1.9593637995440034
Rwanda,Kigali,2023-08-13,Salmonella,0.0,1.9002430119747844
Rwanda,Kigali,2023-08-13,Shigella,3.03,2.1463636316718055
Rwanda,Kigali,2023-08-13,Rotavirus,0.0,1.896474532887272
Rwanda,Kigali,2023-08-20,Cholera,8.48,1.9507443008365097
Rwanda,Kigali,2023-08-20,E. coli,0.0,1.9593637995440034
Rwanda,Kigali,2023-08-20,Salmonella,2.0,1.9002430119747844
Rwanda,Kigali,2023-08-20,Shigella,0.57,2.1463636316718055
Rwanda,Kigali,2023-08-20,Rotavirus,0.75,1.896474532887272
Rwanda,Kigali,2023-08-27,Cholera,1.54,1.9507443008365097
Rwanda,Kigali,2023-08-27,E. coli,0.0,1.9593637995440034
Rwanda,Kigali,2023-08-27,Salmonella,0.85,1.9002430119747844
Rwanda,Kigali,2023-08-27,Shigella,8.08,9.07890294189371
Rwanda,Kigali,2023-08-27,Rotavirus,5.52,1.896474532887272
Rwanda,Kigali,2023-09-03,Cholera,5.76,1.9507443008365097
Rwanda,Kigali,2023-09-03,E. coli,0.0,1.9593637995440034
Rwanda,Kigali,2023-09-03,Salmonella,6.8,1.9002430119747844
Rwanda,Kigali,2023-09-03,Shigella,9.05,2.1463636316718055
Rwanda,Kigali,2023-09-03,Rotavirus,0.0,1.896474532887272
Rwanda,Kigali,2023-09-10,Cholera,0.0,1.9507443008365097
Rwanda,Kigali,2023-09-10,E. coli,0.0,1.9593637995440034
Rwanda,Kigali,2023-09-10,Salmonella,0.0,1.9002430119747844
Rwanda,Kigali,2023-09-10,Shigella,11.49,2.1463636316718055
Rwanda,Kigali,2023-09-10,Rotavirus,7.02,1.896474532887272
Rwanda,Kigali,2023-09-17,Cholera,0.0,1.9507443008365097
Rwanda,Kigali,2023-09-17,E. coli,0.74,1.9593637995440034
Rwanda,Kigali,2023-09-17,Salmonella,0.0,1.9002430119747844
Rwanda,Kigali,2023-09-17,Shigella,4.12,2.1463636316718055
Rwanda,Kigali,2023-09-17,Rotavirus,0.0,1.896474532887272
Rwanda,Kigali,2023-09-24,Cholera,0.0,1.9507443008365097
Rwanda,Kigali,2023-09-24,E. coli,10.98,8.914896259358828
Rwanda,Kigali,2023-09-24,Salmonella,3.04,1.9002430119747844
Rwanda,Kigali,2023-09-24,Shigella,0.0,2.1463636316718055
Rwanda,Kigali,2023-09-24,Rotavirus,0.0,1.896474532887272
Rwanda,Kigali,2023-10-01,Cholera,4.94,1.9507443008365097
Rwanda,Kigali,2023-10-01,E. coli,0.9,1.9593637995440034
Rwanda,Kigali,2023-10-01,Salmonella,0.0,1.9002430119747844
Rwanda,Kigali,2023-10-01,Shigella,0.0,2.1463636316718055
Rwanda,Kigali,2023-10-01,Rotavirus,0.0,1.896474532887272
Rwanda,Kigali,2023-10-08,Cholera,0.0,1.9507443008365097
Rwanda,Kigali,2023-10-08,E. coli,4.65,1.9593637995440034
Rwanda,Kigali,2023-10-08,Salmonella,0.0,1.9002430119747844
Rwanda,Kigali,2023-10-08,Shigella,0.0,2.1463636316718055
Rwanda,Kigali,2023-10-08,Rotavirus,4.08,1.896474532887272
Rwanda,Kigali,2023-10-15,Cholera,3.09,1.9507443008365097
Rwanda,Kigali,2023-10-15,E. coli,0.0,1.9593637995440034
Rwanda,Kigali,2023-10-15,Salmonella,3.16,1.9002430119747844
Rwanda,Kigali,2023-10-15,Shigella,4.09,2.1463636316718055
Rwanda,Kigali,2023-10-15,Rotavirus,0.67,1.896474532887272
Rwanda,Kigali,2023-10-22,Cholera,2.23,1.9507443008365097
Rwanda,Kigali,2023-10-22,E. coli,7.33,8.964154089755821
Rwanda,Kigali,2023-10-22,Salmonella,6.78,1.9002430119747844
Rwanda,Kigali,2023-10-22,Shigella,0.0,2.1463636316718055
Rwanda,Kigali,2023-10-22,Rotavirus,4.51,1.896474532887272
Rwanda,Kigali,2023-10-29,Cholera,0.0,1.9507443008365097
Rwanda,Kigali,2023-10-29,E. coli,0.0,1.9593637995440034
Rwanda,Kigali,2023-10-29,Salmonella,6.49,1.9002430119747844
Rwanda,Kigali,2023-10-29,Shigella,0.88,2.1463636316718055
Rwanda,Kigali,2023-10-29,Rotavirus,6.94,1.896474532887272
Rwanda,Kigali,2023-11-05,Cholera,0.0,1.9507443008365097
Rwanda,Kigali,2023-11-05,E. coli,3.65,1.9593637995440034
Rwanda,Kigali,2023-11-05,Salmonella,1.28,1.9002430119747844
Rwanda,Kigali,2023-11-05,Shigella,0.0,2.1463636316718055
Rwanda,Kigali,2023-11-05,Rotavirus,3.2,1.896474532887272
Rwanda,Kigali,2023-11-12,Cholera,0.0,1.9507443008365097
Rwanda,Kigali,2023-11-12,E. coli,0.0,1.9593637995440034
Rwanda,Kigali,2023-11-12,Salmonella,0.0,1.9002430119747844
Rwanda,Kigali,2023-11-12,Shigella,0.0,2.1463636316718055
Rwanda,Kigali,2023-11-12,Rotavirus,0.0,1.896474532887272
Rwanda,Kigali,2023-11-19,Cholera,0.0,1.9507443008365097
Rwanda,Kigali,2023-11-19,E. coli,0.0,1.9593637995440034
Rwanda,Kigali,2023-11-19,Salmonella,0.0,1.9002430119747844
Rwanda,Kigali,2023-11-19,Shigella,3.18,2.1463636316718055
Rwanda,Kigali,2023-11-19,Rotavirus,0.0,1.896474532887272
Rwanda,Kigali,2023-11-26,Cholera,0.0,1.9507443008365097
Rwanda,Kigali,2023-11-26,E. coli,9.72,5.617532040003628
Rwanda,Kigali,2023-11-26,Salmonella,0.0,1.9002430119747844
Rwanda,Kigali,2023-11-26,Shigella,0.0,2.1463636316718055
Rwanda,Kigali,2023-11-26,Rotavirus,11.11,9.615778865151311
Rwanda,Kigali,2023-12-03,Cholera,0.0,1.9507443008365097
Rwanda,Kigali,2023-12-03,E. coli,2.99,1.9593637995440034
Rwanda,Kigali,2023-12-03,Salmonella,0.0,1.9002430119747844
Rwanda,Kigali,2023-12-03,Shigella,0.0,2.1463636316718055
Rwanda,Kigali,2023-12-03,Rotavirus,6.12,9.147817481544594
Rwanda,Kigali,2023-12-10,Cholera,6.36,7.530965178938873
Rwanda,Kigali,2023-12-10,E. coli,3.16,1.9593637995440034
Rwanda,Kigali,2023-12-10,Salmonella,12.27,1.9002430119747844
Rwanda,Kigali,2023-12-10,Shigella,0.85,2.1463636316718055
Rwanda,Kigali,2023-12-10,Rotavirus,0.0,1.896474532887272
Rwanda,Kigali,2023-12-17,Cholera,0.0,2.1100776012665894
Rwanda,Kigali,2023-12-17,E. coli,0.0,2.008238973166196
Rwanda,Kigali,2023-12-17,Salmonella,0.83,1.9851672473644615
Rwanda,Kigali,2023-12-17,Shigella,1.35,2.213000886009483
Rwanda,Kigali,2023-12-17,Rotavirus,4.74,2.023549704617062
Rwanda,Kigali,2023-12-24,Cholera,1.58,2.8346910878612444
Rwanda,Kigali,2023-12-24,E. coli,1.99,2.100164508268349
Rwanda,Kigali,2023-12-24,Salmonella,0.0,2.6118331179965453
Rwanda,Kigali,2023-12-24,Shigella,0.0,2.2780413901239847
Rwanda,Kigali,2023-12-24,Rotavirus,4.51,2.023549704617062
Rwanda,Huye,2023-01-01,Cholera,0.0,2.2079592223998232
Rwanda,Huye,2023-01-01,E. coli,0.0,2.0944694201582084
Rwanda,Huye,2023-01-01,Salmonella,0.03,2.7184447132788416
Rwanda,Huye,2023-01-01,Shigella,9.43,2.2234935400221114
Rwanda,Huye,2023-01-01,Rotavirus,6.88,2.771124875641058
Rwanda,Huye,2023-01-08,Cholera,0.0,2.0246417976315594
Rwanda,Huye,2023-01-08,E. coli,0.0,2.7784099534937776
Rwanda,Huye,2023-01-08,Salmonella,0.0,2.863392734185392
Rwanda,Huye,2023-01-08,Shigella,3.37,2.440689311933219
Rwanda,Huye,2023-01-08,Rotavirus,0.0,2.224346418183372
Rwanda,Huye,2023-01-15,Cholera,6.54,11.216961112961004
Rwanda,Huye,2023-01-15,E. coli,0.0,2.7078600061068006
Rwanda,Huye,2023-01-15,Salmonella,0.0,2.7184447132788416
Rwanda,Huye,2023-01-15,Shigella,0.99,2.440689311933219
Rwanda,Huye,2023-01-15,Rotavirus,1.7,2.840060778220649
Rwanda,Huye,2023-01-22,Cholera,0.0,3.3196303527184763
Rwanda,Huye,2023-01-22,E. coli,9.39,3.6247484450428225
Rwanda,Huye,2023-01-22,Salmonella,2.99,3.0393381542897147
Rwanda,Huye,2023-01-22,Shigella,0.0,3.5792670902792194
Rwanda,Huye,2023-01-22,Rotavirus,5.18,7.795738147442197
Rwanda,Huye,2023-01-29,Cholera,4.73,3.2838354347299354
Rwanda,Huye,2023-01-29,E. coli,0.0,3.2692435598302736
Rwanda,Huye,2023-01-29,Salmonella,0.12,2.863392734185392
Rwanda,Huye,2023-01-29,Shigella,5.96,4.829662973211178
Rwanda,Huye,2023-01-29,Rotavirus,18.12,3.4959652524669638
Rwanda,Huye,2023-02-05,Cholera,4.54,3.710569860979341
Rwanda,Huye,2023-02-05,E. coli,5.4,3.2692435598302736
Rwanda,Huye,2023-02-05,Salmonella,8.07,3.3801245287660016
Rwanda,Huye,2023-02-05,Shigella,11.88,3.976164959725378
Rwanda,Huye,2023-02-05,Rotavirus,0.0,3.7584832454167967
Rwanda,Huye,2023-02-12,Cholera,1.8,3.710569860979341
Rwanda,Huye,2023-02-12,E. coli,0.0,3.714322486680213
Rwanda,Huye,2023-02-12,Salmonella,7.04,2.863392734185392
Rwanda,Huye,2023-02-12,Shigella,1.72,3.9013695093285072
Rwanda,Huye,2023-02-12,Rotavirus,0.0,3.3669012924201964
Rwanda,Huye,2023-02-19,Cholera,0.0,3.8821141026618737
Rwanda,Huye,2023-02-19,E. coli,0.0,3.3724735187855788
Rwanda,Huye,2023-02-19,Salmonella,9.43,3.8774072966810076
Rwanda,Huye,2023-02-19,Shigella,0.62,3.9013695093285072
Rwanda,Huye,2023-02-19,Rotavirus,2.82,3.4959652524669638
Rwanda,Huye,2023-02-26,Cholera,3.75,3.710569860979341
Rwanda,Huye,2023-02-26,E. coli,0.0,4.899281179220157
Rwanda,Huye,2023-02-26,Salmonella,4.34,4.872135156742265
Rwanda,Huye,2023-02-26,Shigella,4.8,3.7913844747782424
Rwanda,Huye,2023-02-26,Rotavirus,0.0,3.9118585509673425
Rwanda,Huye,2023-03-05,Cholera,5.33,3.710569860979341
Rwanda,Huye,2023-03-05,E. coli,8.85,11.483307673586589
Rwanda,Huye,2023-03-05,Salmonella,14.02,4.872135156742265
Rwanda,Huye,2023-03-05,Shigella,0.0,4.829662973211178
Rwanda,Huye,2023-03-05,Rotavirus,12.16,4.740371140652516
Rwanda,Huye,2023-03-12,Cholera,0.0,4.779725248011093
Rwanda,Huye,2023-03-12,E. coli,0.0,4.96433239102624
Rwanda,Huye,2023-03-12,Salmonella,5.2,4.986580357047002
Rwanda,Huye,2023-03-12,Shigella,0.0,3.9135236837972456
Rwanda,Huye,2023-03-12,Rotavirus,0.0,3.8492172750392104
Rwanda,Huye,2023-03-19,Cholera,1.4,4.8530895299150485
Rwanda,Huye,2023-03-19,E. coli,1.33,3.8023474659057865
Rwanda,Huye,2023-03-19,Salmonella,3.3,3.8774072966810076
Rwanda,Huye,2023-03-19,Shigella,7.6,4.829662973211178
Rwanda,Huye,2023-03-19,Rotavirus,8.08,4.9037347336546295
Rwanda,Huye,2023-03-26,Cholera,0.0,3.8821141026618737
Rwanda,Huye,2023-03-26,E. coli,0.0,3.7397061899776545
Rwanda,Huye,2023-03-26,Salmonella,0.38,3.8774072966810076
Rwanda,Huye,2023-03-26,Shigella,0.0,3.7913844747782424
Rwanda,Huye,2023-03-26,Rotavirus,3.8,3.7584832454167967
Rwanda,Huye,2023-04-02,Cholera,0.0,4.779725248011093
Rwanda,Huye,2023-04-02,E. coli,4.58,6.095320467347151
Rwanda,Huye,2023-04-02,Salmonella,5.21,3.852023593383566
Rwanda,Huye,2023-04-02,Shigella,7.61,3.976164959725378
Rwanda,Huye,2023-04-02,Rotavirus,1.0,4.128410383396777
Rwanda,Huye,2023-04-09,Cholera,6.82,4.831419223211178
Rwanda,Huye,2023-04-09,E. coli,1.53,5.213983878889341
Rwanda,Huye,2023-04-09,Salmonella,11.5,4.89877663194235
Rwanda,Huye,2023-04-09,Shigella,0.0,3.7913844747782424
Rwanda,Huye,2023-04-09,Rotavirus,5.31,4.128410383396777
Rwanda,Huye,2023-04-16,Cholera,1.53,4.831419223211178
Rwanda,Huye,2023-04-16,E. coli,0.07,3.6710453204408138
Rwanda,Huye,2023-04-16,Salmonella,3.01,4.872135156742265
Rwanda,Huye,2023-04-16,Shigella,5.51,3.9013695093285072
Rwanda,Huye,2023-04-16,Rotavirus,13.99,3.8492172750392104
Rwanda,Huye,2023-04-23,Cholera,4.48,4.779725248011093
Rwanda,Huye,2023-04-23,E. coli,2.6,6.095320467347151
Rwanda,Huye,2023-04-23,Salmonella,10.92,3.8148012063245975
Rwanda,Huye,2023-04-23,Shigella,1.87,3.9135236837972456
Rwanda,Huye,2023-04-23,Rotavirus,5.76,4.912062299463562
Rwanda,Huye,2023-04-30,Cholera,8.5,4.968689975889877
Rwanda,Huye,2023-04-30,E. coli,0.0,5.017227820262863
Rwanda,Huye,2023-04-30,Salmonella,0.0,3.852023593383566
Rwanda,Huye,2023-04-30,Shigella,14.58,4.183524440410004
Rwanda,Huye,2023-04-30,Rotavirus,0.0,3.9118585509673425
Rwanda,Huye,2023-05-07,Cholera,6.04,3.7940891234362994
Rwanda,Huye,2023-05-07,E. coli,6.0,3.6710453204408138
Rwanda,Huye,2023-05-07,Salmonella,2.85,3.5032402883090934
Rwanda,Huye,2023-05-07,Shigella,5.25,4.851333279915049
Rwanda,Huye,2023-05-07,Rotavirus,1.75,4.9037347336546295
Rwanda,Huye,2023-05-14,Cholera,5.85,3.7940891234362994
Rwanda,Huye,2023-05-14,E. coli,5.54,3.6710453204408138
Rwanda,Huye,2023-05-14,Salmonella,3.27,3.8148012063245975
Rwanda,Huye,2023-05-14,Shigella,5.7,3.8641471222695394
Rwanda,Huye,2023-05-14,Rotavirus,0.0,3.9118585509673425
Rwanda,Huye,2023-05-21,Cholera,0.78,3.8821141026618737
Rwanda,Huye,2023-05-21,E. coli,0.0,2.937779078587298
Rwanda,Huye,2023-05-21,Salmonella,0.0,3.8774072966810076
Rwanda,Huye,2023-05-21,Shigella,7.76,3.9013695093285072
Rwanda,Huye,2023-05-21,Rotavirus,8.84,3.7121863700188054
Rwanda,Huye,2023-05-28,Cholera,1.62,3.7940891234362994
Rwanda,Huye,2023-05-28,E. coli,6.92,3.3724735187855788
Rwanda,Huye,2023-05-28,Salmonella,0.0,2.863392734185392
Rwanda,Huye,2023-05-28,Shigella,0.0,4.968689975889877
Rwanda,Huye,2023-05-28,Rotavirus,13.9,3.9118585509673425
Rwanda,Huye,2023-06-04,Cholera,0.0,2.8012912952553797
Rwanda,Huye,2023-06-04,E. coli,0.0,3.2250482666661586
Rwanda,Huye,2023-06-04,Salmonella,0.0,3.8148012063245975
Rwanda,Huye,2023-06-04,Shigella,1.17,3.9013695093285072
Rwanda,Huye,2023-06-04,Rotavirus,3.58,3.3311063744316556
Rwanda,Huye,2023-06-11,Cholera,6.2,3.2838354347299354
Rwanda,Huye,2023-06-11,E. coli,3.18,2.937779078587298
Rwanda,Huye,2023-06-11,Salmonella,0.0,2.252360622687185
Rwanda,Huye,2023-06-11,Shigella,5.2,3.1438384862732285
Rwanda,Huye,2023-06-11,Rotavirus,7.19,2.840060778220649
Rwanda,Huye,2023-06-18,Cholera,0.0,2.7120344947885093
Rwanda,Huye,2023-06-18,E. coli,16.71,11.627994950949747
Rwanda,Huye,2023-06-18,Salmonella,2.55,2.7898911767361367
Rwanda,Huye,2023-06-18,Shigella,0.0,3.0930283257342666
Rwanda,Huye,2023-06-18,Rotavirus,0.0,3.3669012924201964
Rwanda,Huye,2023-06-25,Cholera,5.95,2.7834809582458053
Rwanda,Huye,2023-06-25,E. coli,0.31,2.6364135426495054
Rwanda,Huye,2023-06-25,Salmonella,6.89,2.863392734185392
Rwanda,Huye,2023-06-25,Shigella,5.67,3.1438384862732285
Rwanda,Huye,2023-06-25,Rotavirus,7.21,2.863481950947995
Rwanda,Huye,2023-07-02,Cholera,0.0,2.0246417976315594
Rwanda,Huye,2023-07-02,E. coli,0.0,2.4597427412734523
Rwanda,Huye,2023-07-02,Salmonella,0.0,2.252360622687185
Rwanda,Huye,2023-07-02,Shigella,3.33,3.0752179887246918
Rwanda,Huye,2023-07-02,Rotavirus,4.27,2.115587552477413
Rwanda,Huye,2023-07-09,Cholera,4.81,2.1043825131564486
Rwanda,Huye,2023-07-09,E. coli,4.79,2.6364135426495054
Rwanda,Huye,2023-07-09,Salmonella,9.18,2.252360622687185
Rwanda,Huye,2023-07-09,Shigella,3.87,2.2723463020138435
Rwanda,Huye,2023-07-09,Rotavirus,0.0,2.115587552477413
Rwanda,Huye,2023-07-16,Cholera,0.0,2.1043825131564486
Rwanda,Huye,2023-07-16,E. coli,0.0,2.0944694201582084
Rwanda,Huye,2023-07-16,Salmonella,0.0,2.019061942193416
Rwanda,Huye,2023-07-16,Shigella,0.0,2.3695196476536617
Rwanda,Huye,2023-07-16,Rotavirus,0.85,2.0270153862104623
Rwanda,Huye,2023-07-23,Cholera,0.0,1.9739590153785063
Rwanda,Huye,2023-07-23,E. coli,5.36,1.9825785140859997
Rwanda,Huye,2023-07-23,Salmonella,0.0,1.9397581638664423
Rwanda,Huye,2023-07-23,Shigella,1.76,2.1695783462138025
Rwanda,Huye,2023-07-23,Rotavirus,8.45,1.912662275010041
Rwanda,Huye,2023-07-30,Cholera,5.8,1.9739590153785063
Rwanda,Huye,2023-07-30,E. coli,0.0,1.9825785140859997
Rwanda,Huye,2023-07-30,Salmonella,2.04,1.9397581638664423
Rwanda,Huye,2023-07-30,Shigella,0.0,2.1695783462138025
Rwanda,Huye,2023-07-30,Rotavirus,0.0,1.912662275010041
Rwanda,Huye,2023-08-06,Cholera,0.0,1.9739590153785063
Rwanda,Huye,2023-08-06,E. coli,0.0,1.9825785140859997
Rwanda,Huye,2023-08-06,Salmonella,0.0,1.9397581638664423
Rwanda,Huye,2023-08-06,Shigella,5.06,2.1695783462138025
Rwanda,Huye,2023-08-06,Rotavirus,0.0,1.912662275010041
Rwanda,Huye,2023-08-13,Cholera,0.0,1.9739590153785063
Rwanda,Huye,2023-08-13,E. coli,2.76,1.9825785140859997
Rwanda,Huye,2023-08-13,Salmonella,2.02,1.9397581638664423
Rwanda,Huye,2023-08-13,Shigella,0.0,2.1695783462138025
Rwanda,Huye,2023-08-13,Rotavirus,0.0,1.912662275010041
Rwanda,Huye,2023-08-20,Cholera,5.6,1.9739590153785063
Rwanda,Huye,2023-08-20,E. coli,0.0,1.9825785140859997
Rwanda,Huye,2023-08-20,Salmonella,1.12,1.9397581638664423
Rwanda,Huye,2023-08-20,Shigella,4.46,7.679762265464112
Rwanda,Huye,2023-08-20,Rotavirus,3.01,1.912662275010041
Rwanda,Huye,2023-08-27,Cholera,5.81,1.9739590153785063
Rwanda,Huye,2023-08-27,E. coli,0.0,1.9825785140859997
Rwanda,Huye,2023-08-27,Salmonella,0.0,1.9397581638664423
Rwanda,Huye,2023-08-27,Shigella,2.56,2.1695783462138025
Rwanda,Huye,2023-08-27,Rotavirus,18.14,11.289147058482651
Rwanda,Huye,2023-09-03,Cholera,10.09,1.9739590153785063
Rwanda,Huye,2023-09-03,E. coli,0.0,1.9825785140859997
Rwanda,Huye,2023-09-03,Salmonella,0.0,1.9397581638664423
Rwanda,Huye,2023-09-03,Shigella,0.0,2.1695783462138025
Rwanda,Huye,2023-09-03,Rotavirus,0.0,1.912662275010041
Rwanda,Huye,2023-09-10,Cholera,0.0,1.9739590153785063
Rwanda,Huye,2023-09-10,E. coli,0.0,1.9825785140859997
Rwanda,Huye,2023-09-10,Salmonella,0.0,1.9397581638664423
Rwanda,Huye,2023-09-10,Shigella,4.67,2.1695783462138025
Rwanda,Huye,2023-09-10,Rotavirus,0.0,1.912662275010041
Rwanda,Huye,2023-09-17,Cholera,5.32,1.9739590153785063
Rwanda,Huye,2023-09-17,E. coli,0.0,1.9825785140859997
Rwanda,Huye,2023-09-17,Salmonella,6.49,1.9397581638664423
Rwanda,Huye,2023-09-17,Shigella,12.72,2.1695783462138025
Rwanda,Huye,2023-09-17,Rotavirus,0.91,1.912662275010041
Rwanda,Huye,2023-09-24,Cholera,3.91,1.9739590153785063
Rwanda,Huye,2023-09-24,E. coli,2.84,1.9825785140859997
Rwanda,Huye,2023-09-24,Salmonella,1.7,1.9397581638664423
Rwanda,Huye,2023-09-24,Shigella,0.0,2.1695783462138025
Rwanda,Huye,2023-09-24,Rotavirus,1.09,5.920238533343184
Rwanda,Huye,2023-10-01,Cholera,2.14,1.9739590153785063
Rwanda,Huye,2023-10-01,E. coli,5.94,1.9825785140859997
Rwanda,Huye,2023-10-01,Salmonella,12.95,1.9397581638664423
Rwanda,Huye,2023-10-01,Shigella,0.97,2.1695783462138025
Rwanda,Huye,2023-10-01,Rotavirus,0.0,1.912662275010041
Rwanda,Huye,2023-10-08,Cholera,0.84,1.9739590153785063
Rwanda,Huye,2023-10-08,E. coli,6.59,1.9825785140859997
Rwanda,Huye,2023-10-08,Salmonella,6.59,1.9397581638664423
Rwanda,Huye,2023-10-08,Shigella,0.0,2.1695783462138025
Rwanda,Huye,2023-10-08,Rotavirus,6.48,1.912662275010041
Rwanda,Huye,2023-10-15,Cholera,0.0,1.9739590153785063
Rwanda,Huye,2023-10-15,E. coli,4.2,1.9825785140859997
Rwanda,Huye,2023-10-15,Salmonella,2.73,1.9397581638664423
Rwanda,Huye,2023-10-15,Shigella,0.0,2.1695783462138025
Rwanda,Huye,2023-10-15,Rotavirus,0.0,1.912662275010041
Rwanda,Huye,2023-10-22,Cholera,6.09,1.9739590153785063
Rwanda,Huye,2023-10-22,E. coli,7.61,1.9825785140859997
Rwanda,Huye,2023-10-22,Salmonella,2.02,1.9397581638664423
Rwanda,Huye,2023-10-22,Shigella,0.0,2.1695783462138025
Rwanda,Huye,2023-10-22,Rotavirus,0.0,1.912662275010041
Rwanda,Huye,2023-10-29,Cholera,5.94,1.9739590153785063
Rwanda,Huye,2023-10-29,E. coli,1.42,1.9825785140859997
Rwanda,Huye,2023-10-29,Salmonella,0.0,1.9397581638664423
Rwanda,Huye,2023-10-29,Shigella,4.36,2.1695783462138025
Rwanda,Huye,2023-10-29,Rotavirus,0.0,1.912662275010041
Rwanda,Huye,2023-11-05,Cholera,0.0,1.9739590153785063
Rwanda,Huye,2023-11-05,E. coli,0.0,1.9825785140859997
Rwanda,Huye,2023-11-05,Salmonella,2.57,1.9397581638664423
Rwanda,Huye,2023-11-05,Shigella,0.9,2.1695783462138025
Rwanda,Huye,2023-11-05,Rotavirus,3.17,1.912662275010041
Rwanda,Huye,2023-11-12,Cholera,5.55,1.9739590153785063
Rwanda,Huye,2023-11-12,E. coli,3.36,1.9825785140859997
Rwanda,Huye,2023-11-12,Salmonella,9.5,1.9397581638664423
Rwanda,Huye,2023-11-12,Shigella,5.54,2.1695783462138025
Rwanda,Huye,2023-11-12,Rotavirus,0.0,1.912662275010041
Rwanda,Huye,2023-11-19,Cholera,0.0,1.9739590153785063
Rwanda,Huye,2023-11-19,E. coli,0.0,1.9825785140859997
Rwanda,Huye,2023-11-19,Salmonella,3.55,1.9397581638664423
Rwanda,Huye,2023-11-19,Shigella,0.0,2.1695783462138025
Rwanda,Huye,2023-11-19,Rotavirus,3.69,1.912662275010041
Rwanda,Huye,2023-11-26,Cholera,3.08,1.9739590153785063
Rwanda,Huye,2023-11-26,E. coli,10.04,5.581326075146706
Rwanda,Huye,2023-11-26,Salmonella,0.0,1.9397581638664423
Rwanda,Huye,2023-11-26,Shigella,1.7,2.1695783462138025
Rwanda,Huye,2023-11-26,Rotavirus,0.0,1.912662275010041
Rwanda,Huye,2023-12-03,Cholera,0.0,1.9739590153785063
Rwanda,Huye,2023-12-03,E. coli,0.0,1.9825785140859997
Rwanda,Huye,2023-12-03,Salmonella,5.25,1.9397581638664423
Rwanda,Huye,2023-12-03,Shigella,0.0,2.1695783462138025
Rwanda,Huye,2023-12-03,Rotavirus,2.14,1.912662275010041
Rwanda,Huye,2023-12-10,Cholera,4.5,1.9739590153785063
Rwanda,Huye,2023-12-10,E. coli,3.67,1.9825785140859997
Rwanda,Huye,2023-12-10,Salmonella,0.0,1.9397581638664423
Rwanda,Huye,2023-12-10,Shigella,0.0,2.1695783462138025
Rwanda,Huye,2023-12-10,Rotavirus,0.18,1.912662275010041
Rwanda,Huye,2023-12-17,Cholera,1.53,2.0246417976315594
Rwanda,Huye,2023-12-17,E. coli,3.81,2.190173412724663
Rwanda,Huye,2023-12-17,Salmonella,4.63,2.019061942193416
Rwanda,Huye,2023-12-17,Shigella,1.55,2.2723463020138435
Rwanda,Huye,2023-12-17,Rotavirus,0.0,2.0270153862104623
Rwanda,Huye,2023-12-24,Cholera,0.0,2.7834809582458053
Rwanda,Huye,2023-12-24,E. coli,0.0,2.0944694201582084
Rwanda,Huye,2023-12-24,Salmonella,0.0,2.1150369292679616
Rwanda,Huye,2023-12-24,Shigella,0.0,2.2234935400221114
Rwanda,Huye,2023-12-24,Rotavirus,0.0,2.5004697517901295
Rwanda,Rubavu,2023-01-01,Cholera,0.0,2.5759776850595135
Rwanda,Rubavu,2023-01-01,E. coli,0.0,2.816369735315104
Rwanda,Rubavu,2023-01-01,Salmonella,0.0,2.2117169366379072
Rwanda,Rubavu,2023-01-01,Shigella,2.51,2.562687246341022
Rwanda,Rubavu,2023-01-01,Rotavirus,1.04,2.139923973597774
Rwanda,Rubavu,2023-01-08,Cholera,3.01,2.3728978636110303
Rwanda,Rubavu,2023-01-08,E. coli,0.0,2.7458197879281268
Rwanda,Rubavu,2023-01-08,Salmonella,0.0,2.304599600780748
Rwanda,Rubavu,2023-01-08,Shigella,0.0,3.727710238459624
Rwanda,Rubavu,2023-01-08,Rotavirus,7.26,2.8957587155573457
Rwanda,Rubavu,2023-01-15,Cholera,6.55,2.5759776850595135
Rwanda,Rubavu,2023-01-15,E. coli,0.0,2.763630124937701
Rwanda,Rubavu,2023-01-15,Salmonella,0.0,2.304599600780748
Rwanda,Rubavu,2023-01-15,Shigella,0.83,3.539602869815574
Rwanda,Rubavu,2023-01-15,Rotavirus,0.0,2.919179888284691
Rwanda,Rubavu,2023-01-22,Cholera,5.94,3.339503489306943
Rwanda,Rubavu,2023-01-22,E. coli,7.9,3.31108984640456
Rwanda,Rubavu,2023-01-22,Salmonella,11.99,3.418826781042783
Rwanda,Rubavu,2023-01-22,Shigella,1.76,9.78815711317864
Rwanda,Rubavu,2023-01-22,Rotavirus,7.71,3.1469027289076674
Rwanda,Rubavu,2023-01-29,Cholera,0.0,3.3792147948081337
Rwanda,Rubavu,2023-01-29,E. coli,2.21,3.31108984640456
Rwanda,Rubavu,2023-01-29,Salmonella,15.77,3.472999930137923
Rwanda,Rubavu,2023-01-29,Shigella,6.98,3.4237778080853376
Rwanda,Rubavu,2023-01-29,Rotavirus,0.0,3.1469027289076674
Rwanda,Rubavu,2023-02-05,Cholera,0.0,3.7707443404510865
Rwanda,Rubavu,2023-02-05,E. coli,0.0,2.6975700342240625
Rwanda,Rubavu,2023-02-05,Salmonella,0.0,3.418826781042783
Rwanda,Rubavu,2023-02-05,Shigella,16.2,5.506650159600355
Rwanda,Rubavu,2023-02-05,Rotavirus,5.3,3.782213435572465
Rwanda,Rubavu,2023-02-12,Cholera,9.65,3.840108982611022
Rwanda,Rubavu,2023-02-12,E. coli,0.0,2.763630124937701
Rwanda,Rubavu,2023-02-12,Salmonella,11.7,4.957747235066941
Rwanda,Rubavu,2023-02-12,Shigella,0.0,3.457223008490317
Rwanda,Rubavu,2023-02-12,Rotavirus,11.23,3.5437054584776053
Rwanda,Rubavu,2023-02-19,Cholera,7.56,5.051320701617117
Rwanda,Rubavu,2023-02-19,E. coli,6.44,5.513729275480849
Rwanda,Rubavu,2023-02-19,Salmonella,0.0,3.931334411840552
Rwanda,Rubavu,2023-02-19,Shigella,8.75,3.8004728859509203
Rwanda,Rubavu,2023-02-19,Rotavirus,4.8,3.834585607369311
Rwanda,Rubavu,2023-02-26,Cholera,5.59,3.480633732190295
Rwanda,Rubavu,2023-02-26,E. coli,0.35,5.8117448705824835
Rwanda,Rubavu,2023-02-26,Salmonella,0.0,3.931334411840552
Rwanda,Rubavu,2023-02-26,Shigella,1.91,3.8004728859509203
Rwanda,Rubavu,2023-02-26,Rotavirus,0.0,4.985325119058454
Rwanda,Rubavu,2023-03-05,Cholera,8.08,3.8048411590638422
Rwanda,Rubavu,2023-03-05,E. coli,5.35,5.566624704717473
Rwanda,Rubavu,2023-03-05,Salmonella,8.11,3.931334411840552
Rwanda,Rubavu,2023-03-05,Shigella,5.64,5.232207744618395
Rwanda,Rubavu,2023-03-05,Rotavirus,8.7,3.834585607369311
Rwanda,Rubavu,2023-03-12,Cholera,7.89,5.051320701617117
Rwanda,Rubavu,2023-03-12,E. coli,5.35,5.84220830765963
Rwanda,Rubavu,2023-03-12,Salmonella,0.0,3.8706828849959307
Rwanda,Rubavu,2023-03-12,Shigella,1.23,3.857117482747716
Rwanda,Rubavu,2023-03-12,Rotavirus,0.0,3.967964251011758
Rwanda,Rubavu,2023-03-19,Cholera,3.89,5.051320701617117
Rwanda,Rubavu,2023-03-19,E. coli,13.11,6.024898796090772
Rwanda,Rubavu,2023-03-19,Salmonella,0.49,3.931334411840552
Rwanda,Rubavu,2023-03-19,Shigella,3.71,5.020714451617116
Rwanda,Rubavu,2023-03-19,Rotavirus,3.43,5.2324567577117795
Rwanda,Rubavu,2023-03-26,Cholera,19.34,8.431061018572342
Rwanda,Rubavu,2023-03-26,E. coli,0.0,3.31108984640456
Rwanda,Rubavu,2023-03-26,Salmonella,5.46,4.957747235066941
Rwanda,Rubavu,2023-03-26,Shigella,4.08,5.506650159600355
Rwanda,Rubavu,2023-03-26,Rotavirus,2.85,3.834585607369311
Rwanda,Rubavu,2023-04-02,Cholera,2.36,5.273006058550485
Rwanda,Rubavu,2023-04-02,E. coli,0.0,3.6996908190103137
Rwanda,Rubavu,2023-04-02,Salmonella,4.28,3.931334411840552
Rwanda,Rubavu,2023-04-02,Shigella,0.0,3.9934579491140925
Rwanda,Rubavu,2023-04-02,Rotavirus,8.06,5.04378747446973
Rwanda,Rubavu,2023-04-09,Cholera,7.0,5.072991008320987
Rwanda,Rubavu,2023-04-09,E. coli,14.72,6.024898796090772
Rwanda,Rubavu,2023-04-09,Salmonella,4.76,3.8706828849959307
Rwanda,Rubavu,2023-04-09,Shigella,4.95,5.020714451617116
Rwanda,Rubavu,2023-04-09,Rotavirus,15.49,12.594778292647472
Rwanda,Rubavu,2023-04-16,Cholera,2.66,3.3792147948081337
Rwanda,Rubavu,2023-04-16,E. coli,4.97,3.6849229245145683
Rwanda,Rubavu,2023-04-16,Salmonella,9.86,3.815672894282625
Rwanda,Rubavu,2023-04-16,Shigella,6.79,3.904539480763635
Rwanda,Rubavu,2023-04-16,Rotavirus,2.22,3.834585607369311
Rwanda,Rubavu,2023-04-23,Cholera,0.0,5.072991008320987
Rwanda,Rubavu,2023-04-23,E. coli,5.22,7.051028061275985
Rwanda,Rubavu,2023-04-23,Salmonella,8.01,4.02217229065175
Rwanda,Rubavu,2023-04-23,Shigella,0.51,3.904539480763635
Rwanda,Rubavu,2023-04-23,Rotavirus,4.04,2.971919498662093
Rwanda,Rubavu,2023-04-30,Cholera,4.86,3.7707443404510865
Rwanda,Rubavu,2023-04-30,E. coli,0.0,5.566624704717473
Rwanda,Rubavu,2023-04-30,Salmonella,8.15,4.957747235066941
Rwanda,Rubavu,2023-04-30,Shigella,6.89,3.9934579491140925
Rwanda,Rubavu,2023-04-30,Rotavirus,1.76,3.7359165601744735
Rwanda,Rubavu,2023-05-07,Cholera,2.23,3.7707443404510865
Rwanda,Rubavu,2023-05-07,E. coli,0.0,3.879289205431728
Rwanda,Rubavu,2023-05-07,Salmonella,8.75,11.604811608766676
Rwanda,Rubavu,2023-05-07,Shigella,9.81,3.857117482747716
Rwanda,Rubavu,2023-05-07,Rotavirus,1.98,5.228549611202833
Rwanda,Rubavu,2023-05-14,Cholera,7.35,3.8048411590638422
Rwanda,Rubavu,2023-05-14,E. coli,2.67,3.3926229831989354
Rwanda,Rubavu,2023-05-14,Salmonella,0.0,3.5744188675200856
Rwanda,Rubavu,2023-05-14,Shigella,2.93,3.457223008490317
Rwanda,Rubavu,2023-05-14,Rotavirus,5.92,3.782213435572465
Rwanda,Rubavu,2023-05-21,Cholera,2.65,3.840108982611022
Rwanda,Rubavu,2023-05-21,E. coli,8.21,3.760342345854935
Rwanda,Rubavu,2023-05-21,Salmonella,6.63,3.418826781042783
Rwanda,Rubavu,2023-05-21,Shigella,0.1,3.4237778080853376
Rwanda,Rubavu,2023-05-21,Rotavirus,6.78,5.06570441558917
Rwanda,Rubavu,2023-05-28,Cholera,4.42,3.3792147948081337
Rwanda,Rubavu,2023-05-28,E. coli,0.0,3.6849229245145683
Rwanda,Rubavu,2023-05-28,Salmonella,4.2,3.5744188675200856
Rwanda,Rubavu,2023-05-28,Shigella,0.02,3.8692716572164545
Rwanda,Rubavu,2023-05-28,Rotavirus,5.17,5.2202220453939
Rwanda,Rubavu,2023-06-04,Cholera,5.4,3.0979108933839523
Rwanda,Rubavu,2023-06-04,E. coli,0.0,3.262978165727795
Rwanda,Rubavu,2023-06-04,Salmonella,6.72,3.815672894282625
Rwanda,Rubavu,2023-06-04,Shigella,1.74,3.8004728859509203
Rwanda,Rubavu,2023-06-04,Rotavirus,0.0,3.7359165601744735
Rwanda,Rubavu,2023-06-11,Cholera,11.01,9.535335048230424
Rwanda,Rubavu,2023-06-11,E. coli,0.0,2.993840566992067
Rwanda,Rubavu,2023-06-11,Salmonella,3.85,3.418826781042783
Rwanda,Rubavu,2023-06-11,Shigella,0.0,3.277082578719261
Rwanda,Rubavu,2023-06-11,Rotavirus,5.91,2.850019522730986
Rwanda,Rubavu,2023-06-18,Cholera,0.0,2.8569892325920767
Rwanda,Rubavu,2023-06-18,E. coli,3.7,3.262978165727795
Rwanda,Rubavu,2023-06-18,Salmonella,0.0,3.472999930137923
Rwanda,Rubavu,2023-06-18,Shigella,4.21,2.562687246341022
Rwanda,Rubavu,2023-06-18,Rotavirus,2.62,2.971919498662093
Rwanda,Rubavu,2023-06-25,Cholera,1.8,3.0979108933839523
Rwanda,Rubavu,2023-06-25,E. coli,2.27,2.7458197879281268
Rwanda,Rubavu,2023-06-25,Salmonella,0.0,2.9190906715220883
Rwanda,Rubavu,2023-06-25,Shigella,5.49,3.1191059041600715
Rwanda,Rubavu,2023-06-25,Rotavirus,12.82,2.139923973597774
Rwanda,Rubavu,2023-07-02,Cholera,3.79,2.3728978636110303
Rwanda,Rubavu,2023-07-02,E. coli,7.1,2.3029784402484794
Rwanda,Rubavu,2023-07-02,Salmonella,0.0,2.8455891140728333
Rwanda,Rubavu,2023-07-02,Shigella,7.46,3.1191059041600715
Rwanda,Rubavu,2023-07-02,Rotavirus,0.63,2.5742502999399557
Rwanda,Rubavu,2023-07-09,Cholera,0.0,1.9724817953193088
Rwanda,Rubavu,2023-07-09,E. coli,0.0,2.3029784402484794
Rwanda,Rubavu,2023-07-09,Salmonella,7.17,2.304599600780748
Rwanda,Rubavu,2023-07-09,Shigella,0.0,2.562687246341022
Rwanda,Rubavu,2023-07-09,Rotavirus,0.0,2.5742502999399557
Rwanda,Rubavu,2023-07-16,Cholera,16.7,2.309627404604143
Rwanda,Rubavu,2023-07-16,E. coli,0.0,1.9811012940268022
Rwanda,Rubavu,2023-07-16,Salmonella,0.0,1.9607587973073541
Rwanda,Rubavu,2023-07-16,Shigella,2.34,2.365955434301511
Rwanda,Rubavu,2023-07-16,Rotavirus,4.89,1.9287104745750403
Rwanda,Rubavu,2023-07-23,Cholera,0.0,1.9724817953193088
Rwanda,Rubavu,2023-07-23,E. coli,7.44,1.9811012940268022
Rwanda,Rubavu,2023-07-23,Salmonella,0.43,1.8368176631961615
Rwanda,Rubavu,2023-07-23,Shigella,4.04,2.3295903949064316
Rwanda,Rubavu,2023-07-23,Rotavirus,2.73,1.9287104745750403
Rwanda,Rubavu,2023-07-30,Cholera,9.35,1.9724817953193088
Rwanda,Rubavu,2023-07-30,E. coli,0.0,1.9811012940268022
Rwanda,Rubavu,2023-07-30,Salmonella,0.0,1.8368176631961615
Rwanda,Rubavu,2023-07-30,Shigella,2.85,2.3295903949064316
Rwanda,Rubavu,2023-07-30,Rotavirus,0.0,1.9287104745750403
Rwanda,Rubavu,2023-08-06,Cholera,7.25,1.9724817953193088
Rwanda,Rubavu,2023-08-06,E. coli,3.19,1.9811012940268022
Rwanda,Rubavu,2023-08-06,Salmonella,0.0,1.8368176631961615
Rwanda,Rubavu,2023-08-06,Shigella,1.54,2.3295903949064316
Rwanda,Rubavu,2023-08-06,Rotavirus,0.0,1.9287104745750403
Rwanda,Rubavu,2023-08-13,Cholera,0.0,1.9724817953193088
Rwanda,Rubavu,2023-08-13,E. coli,0.0,1.9811012940268022
Rwanda,Rubavu,2023-08-13,Salmonella,0.0,1.8368176631961615
Rwanda,Rubavu,2023-08-13,Shigella,0.0,2.3295903949064316
Rwanda,Rubavu,2023-08-13,Rotavirus,0.0,1.9287104745750403
Rwanda,Rubavu,2023-08-20,Cholera,0.0,1.9724817953193088
Rwanda,Rubavu,2023-08-20,E. coli,0.49,1.9811012940268022
Rwanda,Rubavu,2023-08-20,Salmonella,5.6,1.8368176631961615
Rwanda,Rubavu,2023-08-20,Shigella,0.0,2.3295903949064316
Rwanda,Rubavu,2023-08-20,Rotavirus,2.75,1.9287104745750403
Rwanda,Rubavu,2023-08-27,Cholera,5.59,1.9724817953193088
Rwanda,Rubavu,2023-08-27,E. coli,9.17,1.9811012940268022
Rwanda,Rubavu,2023-08-27,Salmonella,0.0,1.8368176631961615
Rwanda,Rubavu,2023-08-27,Shigella,0.0,2.3295903949064316
Rwanda,Rubavu,2023-08-27,Rotavirus,5.99,1.9287104745750403
Rwanda,Rubavu,2023-09-03,Cholera,0.0,1.9724817953193088
Rwanda,Rubavu,2023-09-03,E. coli,0.0,6.200683321709469
Rwanda,Rubavu,2023-09-03,Salmonella,0.0,1.8368176631961615
Rwanda,Rubavu,2023-09-03,Shigella,0.0,2.3295903949064316
Rwanda,Rubavu,2023-09-03,Rotavirus,2.67,1.9287104745750403
Rwanda,Rubavu,2023-09-10,Cholera,1.64,1.9724817953193088
Rwanda,Rubavu,2023-09-10,E. coli,4.62,1.9811012940268022
Rwanda,Rubavu,2023-09-10,Salmonella,0.0,1.8368176631961615
Rwanda,Rubavu,2023-09-10,Shigella,1.28,2.3295903949064316
Rwanda,Rubavu,2023-09-10,Rotavirus,0.0,1.9287104745750403
Rwanda,Rubavu,2023-09-17,Cholera,3.26,1.9724817953193088
Rwanda,Rubavu,2023-09-17,E. coli,0.19,1.9811012940268022
Rwanda,Rubavu,2023-09-17,Salmonella,0.0,1.8368176631961615
Rwanda,Rubavu,2023-09-17,Shigella,13.1,2.3295903949064316
Rwanda,Rubavu,2023-09-17,Rotavirus,0.0,1.9287104745750403
Rwanda,Rubavu,2023-09-24,Cholera,1.4,1.9724817953193088
Rwanda,Rubavu,2023-09-24,E. coli,8.79,1.9811012940268022
Rwanda,Rubavu,2023-09-24,Salmonella,0.0,1.8368176631961615
Rwanda,Rubavu,2023-09-24,Shigella,6.12,2.3295903949064316
Rwanda,Rubavu,2023-09-24,Rotavirus,0.0,1.9287104745750403
Rwanda,Rubavu,2023-10-01,Cholera,0.0,1.9724817953193088
Rwanda,Rubavu,2023-10-01,E. coli,0.0,1.9811012940268022
Rwanda,Rubavu,2023-10-01,Salmonella,0.0,1.8368176631961615
Rwanda,Rubavu,2023-10-01,Shigella,0.0,2.3295903949064316
Rwanda,Rubavu,2023-10-01,Rotavirus,0.29,1.9287104745750403
Rwanda,Rubavu,2023-10-08,Cholera,4.24,1.9724817953193088
Rwanda,Rubavu,2023-10-08,E. coli,0.0,10.548796643172967
Rwanda,Rubavu,2023-10-08,Salmonella,0.0,1.8368176631961615
Rwanda,Rubavu,2023-10-08,Shigella,1.78,2.3295903949064316
Rwanda,Rubavu,2023-10-08,Rotavirus,2.41,8.162831734654315
Rwanda,Rubavu,2023-10-15,Cholera,0.0,1.9724817953193088
Rwanda,Rubavu,2023-10-15,E. coli,0.0,1.9811012940268022
Rwanda,Rubavu,2023-10-15,Salmonella,0.0,1.8368176631961615
Rwanda,Rubavu,2023-10-15,Shigella,6.45,2.3295903949064316
Rwanda,Rubavu,2023-10-15,Rotavirus,4.84,1.9287104745750403
Rwanda,Rubavu,2023-10-22,Cholera,0.0,1.9724817953193088
Rwanda,Rubavu,2023-10-22,E. coli,10.55,1.9811012940268022
Rwanda,Rubavu,2023-10-22,Salmonella,1.34,1.8368176631961615
Rwanda,Rubavu,2023-10-22,Shigella,7.57,2.3295903949064316
Rwanda,Rubavu,2023-10-22,Rotavirus,6.98,1.9287104745750403
Rwanda,Rubavu,2023-10-29,Cholera,2.07,1.9724817953193088
Rwanda,Rubavu,2023-10-29,E. coli,0.0,1.9811012940268022
Rwanda,Rubavu,2023-10-29,Salmonella,0.29,1.8368176631961615
Rwanda,Rubavu,2023-10-29,Shigella,0.0,2.3295903949064316
Rwanda,Rubavu,2023-10-29,Rotavirus,2.64,1.9287104745750403
Rwanda,Rubavu,2023-11-05,Cholera,1.78,1.9724817953193088
Rwanda,Rubavu,2023-11-05,E. coli,1.09,1.9811012940268022
Rwanda,Rubavu,2023-11-05,Salmonella,3.92,1.8368176631961615
Rwanda,Rubavu,2023-11-05,Shigella,1.55,2.3295903949064316
Rwanda,Rubavu,2023-11-05,Rotavirus,0.0,1.9287104745750403
Rwanda,Rubavu,2023-11-12,Cholera,0.0,1.9724817953193088
Rwanda,Rubavu,2023-11-12,E. coli,0.0,1.9811012940268022
Rwanda,Rubavu,2023-11-12,Salmonella,0.0,1.8368176631961615
Rwanda,Rubavu,2023-11-12,Shigella,4.25,2.3295903949064316
Rwanda,Rubavu,2023-11-12,Rotavirus,0.0,1.9287104745750403
Rwanda,Rubavu,2023-11-19,Cholera,1.11,1.9724817953193088
Rwanda,Rubavu,2023-11-19,E. coli,0.0,1.9811012940268022
Rwanda,Rubavu,2023-11-19,Salmonella,5.54,1.8368176631961615
Rwanda,Rubavu,2023-11-19,Shigella,2.98,2.3295903949064316
Rwanda,Rubavu,2023-11-19,Rotavirus,0.49,1.9287104745750403
Rwanda,Rubavu,2023-11-26,Cholera,0.0,1.9724817953193088
Rwanda,Rubavu,2023-11-26,E. coli,0.0,1.9811012940268022
Rwanda,Rubavu,2023-11-26,Salmonella,0.0,1.8368176631961615
Rwanda,Rubavu,2023-11-26,Shigella,0.0,2.3295903949064316
Rwanda,Rubavu,2023-11-26,Rotavirus,3.09,1.9287104745750403
Rwanda,Rubavu,2023-12-03,Cholera,3.56,1.9724817953193088
Rwanda,Rubavu,2023-12-03,E. coli,3.8,1.9811012940268022
Rwanda,Rubavu,2023-12-03,Salmonella,0.0,1.8368176631961615
Rwanda,Rubavu,2023-12-03,Shigella,7.17,2.3295903949064316
Rwanda,Rubavu,2023-12-03,Rotavirus,0.0,1.9287104745750403
Rwanda,Rubavu,2023-12-10,Cholera,2.46,1.9724817953193088
Rwanda,Rubavu,2023-12-10,E. coli,0.0,1.9811012940268022
Rwanda,Rubavu,2023-12-10,Salmonella,5.82,1.8368176631961615
Rwanda,Rubavu,2023-12-10,Shigella,3.35,2.3295903949064316
Rwanda,Rubavu,2023-12-10,Rotavirus,3.54,5.2202220453939
Rwanda,Rubavu,2023-12-17,Cholera,2.96,1.9724817953193088
Rwanda,Rubavu,2023-12-17,E. coli,5.68,2.6975700342240625
Rwanda,Rubavu,2023-12-17,Salmonella,0.0,1.9607587973073541
Rwanda,Rubavu,2023-12-17,Shigella,5.5,2.3295903949064316
Rwanda,Rubavu,2023-12-17,Rotavirus,1.4,2.139923973597774
Rwanda,Rubavu,2023-12-24,Cholera,2.62,2.0749035368232454
Rwanda,Rubavu,2023-12-24,E. coli,0.0,1.9811012940268022
Rwanda,Rubavu,2023-12-24,Salmonella,0.0,1.9607587973073541
Rwanda,Rubavu,2023-12-24,Shigella,0.0,2.499525213935763
Rwanda,Rubavu,2023-12-24,Rotavirus,5.59,2.4065636643930417
Uganda,Kampala,2023-01-01,Cholera,0.0,2.941514338842328
Uganda,Kampala,2023-01-01,E. coli,1.97,2.7895572835706886
Uganda,Kampala,2023-01-01,Salmonella,0.0,1.9809273687544302
Uganda,Kampala,2023-01-01,Shigella,0.0,3.31677873250444
Uganda,Kampala,2023-01-01,Rotavirus,0.0,1.934534813921301
Uganda,Kampala,2023-01-08,Cholera,4.98,3.114337569749955
Uganda,Kampala,2023-01-08,E. coli,4.27,3.0883253983941024
Uganda,Kampala,2023-01-08,Salmonella,0.0,2.826663347450022
Uganda,Kampala,2023-01-08,Shigella,3.52,2.1797867023567354
Uganda,Kampala,2023-01-08,Rotavirus,0.0,2.013206430182102
Uganda,Kampala,2023-01-15,Cholera,1.42,3.114337569749955
Uganda,Kampala,2023-01-15,E. coli,0.0,2.001101809504307
Uganda,Kampala,2023-01-15,Salmonella,3.07,3.4515421605997285
Uganda,Kampala,2023-01-15,Shigella,0.0,3.31677873250444
Uganda,Kampala,2023-01-15,Rotavirus,1.92,4.226220429755193
Uganda,Kampala,2023-01-22,Cholera,3.95,4.0763868731258945
Uganda,Kampala,2023-01-22,E. coli,0.0,3.9878415271705165
Uganda,Kampala,2023-01-22,Salmonella,7.26,3.6601689946442684
Uganda,Kampala,2023-01-22,Shigella,0.0,4.13585904124398
Uganda,Kampala,2023-01-22,Rotavirus,5.78,2.9386264909748534
Uganda,Kampala,2023-01-29,Cholera,0.0,3.5803021477892902
Uganda,Kampala,2023-01-29,E. coli,2.85,3.3155941503314996
Uganda,Kampala,2023-01-29,Salmonella,3.11,3.4968392514938107
Uganda,Kampala,2023-01-29,Shigella,6.47,4.274012162488858
Uganda,Kampala,2023-01-29,Rotavirus,12.24,4.217188520830629
Uganda,Kampala,2023-02-05,Cholera,4.8,4.676982051587841
Uganda,Kampala,2023-02-05,E. coli,3.26,3.498273715369878
Uganda,Kampala,2023-02-05,Salmonella,0.0,3.222624871425938
Uganda,Kampala,2023-02-05,Shigella,7.01,4.232843417883661
Uganda,Kampala,2023-02-05,Rotavirus,0.0,3.162086041674292
Uganda,Kampala,2023-02-12,Cholera,3.9,4.195632687518843
Uganda,Kampala,2023-02-12,E. coli,0.18,4.104110211819331
Uganda,Kampala,2023-02-12,Salmonella,2.24,4.52599436404046
Uganda,Kampala,2023-02-12,Shigella,9.62,3.31677873250444
Uganda,Kampala,2023-02-12,Rotavirus,3.0,3.406709310648829
Uganda,Kampala,2023-02-19,Cholera,1.39,4.195632687518843
Uganda,Kampala,2023-02-19,E. coli,0.0,3.9788096182459514
Uganda,Kampala,2023-02-19,Salmonella,5.06,4.585502314754167
Uganda,Kampala,2023-02-19,Shigella,10.55,4.274012162488858
Uganda,Kampala,2023-02-19,Rotavirus,1.08,3.6075018136899373
Uganda,Kampala,2023-02-26,Cholera,11.6,8.812202922909659
Uganda,Kampala,2023-02-26,E. coli,0.85,3.0883253983941024
Uganda,Kampala,2023-02-26,Salmonella,13.72,11.880025663589642
Uganda,Kampala,2023-02-26,Shigella,6.43,4.125784831405616
Uganda,Kampala,2023-02-26,Rotavirus,8.4,4.751473720972581
Uganda,Kampala,2023-03-05,Cholera,0.0,4.82620111819863
Uganda,Kampala,2023-03-05,E. coli,11.35,3.9878415271705165
Uganda,Kampala,2023-03-05,Salmonella,3.22,4.602967414592679
Uganda,Kampala,2023-03-05,Shigella,6.34,4.785402804266539
Uganda,Kampala,2023-03-05,Rotavirus,1.94,5.6190697925376245
Uganda,Kampala,2023-03-12,Cholera,2.14,4.676982051587841
Uganda,Kampala,2023-03-12,E. coli,2.35,3.9878415271705165
Uganda,Kampala,2023-03-12,Salmonella,7.12,4.369211477283914
Uganda,Kampala,2023-03-12,Shigella,2.85,3.522498023132543
Uganda,Kampala,2023-03-12,Rotavirus,3.27,3.406709310648829
Uganda,Kampala,2023-03-19,Cholera,0.0,4.155902443619231
Uganda,Kampala,2023-03-19,E. coli,6.57,5.393763104751341
Uganda,Kampala,2023-03-19,Salmonella,2.39,4.526159982840881
Uganda,Kampala,2023-03-19,Shigella,1.93,4.82620111819863
Uganda,Kampala,2023-03-19,Rotavirus,0.5,3.6075018136899373
Uganda,Kampala,2023-03-26,Cholera,5.57,4.676982051587841
Uganda,Kampala,2023-03-26,E. coli,7.02,5.546105417370917
Uganda,Kampala,2023-03-26,Salmonella,7.69,4.526548589649515
Uganda,Kampala,2023-03-26,Shigella,3.0,4.6463758015878405
Uganda,Kampala,2023-03-26,Rotavirus,0.0,4.751473720972581
Uganda,Kampala,2023-04-02,Cholera,0.0,3.416972404638832
Uganda,Kampala,2023-04-02,E. coli,11.74,7.382910823372629
Uganda,Kampala,2023-04-02,Salmonella,11.28,4.36032161635702
Uganda,Kampala,2023-04-02,Shigella,8.36,4.206342702812751
Uganda,Kampala,2023-04-02,Rotavirus,9.93,4.3065566774058786
Uganda,Kampala,2023-04-09,Cholera,9.98,3.1880252957925825
Uganda,Kampala,2023-04-09,E. coli,2.22,5.327121832100086
Uganda,Kampala,2023-04-09,Salmonella,1.01,4.233209584373951
Uganda,Kampala,2023-04-09,Shigella,1.31,4.645987194779209
Uganda,Kampala,2023-04-09,Rotavirus,2.95,4.3065566774058786
Uganda,Kampala,2023-04-16,Cholera,0.4,4.23680143212404
Uganda,Kampala,2023-04-16,E. coli,0.0,3.3548297728072067
Uganda,Kampala,2023-04-16,Salmonella,10.55,4.369211477283914
Uganda,Kampala,2023-04-16,Shigella,0.0,4.206342702812751
Uganda,Kampala,2023-04-16,Rotavirus,3.3,4.3065566774058786
Uganda,Kampala,2023-04-23,Cholera,11.45,4.794540338296118
Uganda,Kampala,2023-04-23,E. coli,5.53,5.393763104751341
Uganda,Kampala,2023-04-23,Salmonella,1.81,4.162725922805179
Uganda,Kampala,2023-04-23,Shigella,9.03,3.6667886902260967
Uganda,Kampala,2023-04-23,Rotavirus,16.21,9.586715343618971
Uganda,Kampala,2023-04-30,Cholera,8.24,4.0763868731258945
Uganda,Kampala,2023-04-30,E. coli,1.56,4.064379967919719
Uganda,Kampala,2023-04-30,Salmonella,1.71,4.272939828273562
Uganda,Kampala,2023-04-30,Shigella,0.0,3.4979288809286206
Uganda,Kampala,2023-04-30,Rotavirus,4.72,4.226220429755193
Uganda,Kampala,2023-05-07,Cholera,3.23,6.523836308372587
Uganda,Kampala,2023-05-07,E. coli,2.67,4.064379967919719
Uganda,Kampala,2023-05-07,Salmonella,4.72,4.162725922805179
Uganda,Kampala,2023-05-07,Shigella,3.23,4.274012162488858
Uganda,Kampala,2023-05-07,Rotavirus,9.25,4.3065566774058786
Uganda,Kampala,2023-05-14,Cholera,2.65,4.676593444779208
Uganda,Kampala,2023-05-14,E. coli,5.39,3.1316186193059785
Uganda,Kampala,2023-05-14,Salmonella,0.0,4.162725922805179
Uganda,Kampala,2023-05-14,Shigella,6.44,4.232843417883661
Uganda,Kampala,2023-05-14,Rotavirus,5.77,3.348467510642143
Uganda,Kampala,2023-05-21,Cholera,10.44,3.5803021477892902
Uganda,Kampala,2023-05-21,E. coli,0.0,3.3155941503314996
Uganda,Kampala,2023-05-21,Salmonella,6.21,3.4968392514938107
Uganda,Kampala,2023-05-21,Shigella,0.0,4.295174038773894
Uganda,Kampala,2023-05-21,Rotavirus,9.81,4.217188520830629
Uganda,Kampala,2023-05-28,Cholera,2.29,8.17362748240235
Uganda,Kampala,2023-05-28,E. coli,9.0,3.9788096182459514
Uganda,Kampala,2023-05-28,Salmonella,3.49,7.0583611556960975
Uganda,Kampala,2023-05-28,Shigella,2.65,3.6667886902260967
Uganda,Kampala,2023-05-28,Rotavirus,13.52,4.226220429755193
Uganda,Kampala,2023-06-04,Cholera,4.58,3.114337569749955
Uganda,Kampala,2023-06-04,E. coli,13.95,3.0883253983941024
Uganda,Kampala,2023-06-04,Salmonella,3.9,2.950876167394938
Uganda,Kampala,2023-06-04,Shigella,8.95,3.522498023132543
Uganda,Kampala,2023-06-04,Rotavirus,0.0,2.8553205250453586
Uganda,Kampala,2023-06-11,Cholera,1.68,4.195632687518843
Uganda,Kampala,2023-06-11,E. coli,0.6,3.3548297728072067
Uganda,Kampala,2023-06-11,Salmonella,10.03,9.923150512018179
Uganda,Kampala,2023-06-11,Shigella,2.59,3.4979288809286206
Uganda,Kampala,2023-06-11,Rotavirus,0.48,3.162086041674292
Uganda,Kampala,2023-06-18,Cholera,7.68,2.941514338842328
Uganda,Kampala,2023-06-18,E. coli,3.64,3.9788096182459514
Uganda,Kampala,2023-06-18,Salmonella,0.58,2.4534265081233766
Uganda,Kampala,2023-06-18,Shigella,0.0,3.163133519769685
Uganda,Kampala,2023-06-18,Rotavirus,0.0,3.406709310648829
Uganda,Kampala,2023-06-25,Cholera,0.28,2.815569454926541
Uganda,Kampala,2023-06-25,E. coli,5.0,2.9155021674864754
Uganda,Kampala,2023-06-25,Salmonella,7.08,2.950876167394938
Uganda,Kampala,2023-06-25,Shigella,1.6,3.163133519769685
Uganda,Kampala,2023-06-25,Rotavirus,5.18,2.8553205250453586
Uganda,Kampala,2023-07-02,Cholera,0.0,2.8638192086306047
Uganda,Kampala,2023-07-02,E. coli,5.96,2.9155021674864754
Uganda,Kampala,2023-07-02,Salmonella,0.0,1.9809273687544302
Uganda,Kampala,2023-07-02,Shigella,0.99,2.829300710472118
Uganda,Kampala,2023-07-02,Rotavirus,0.0,2.801522913637333
Uganda,Kampala,2023-07-09,Cholera,0.0,1.9590102849740278
Uganda,Kampala,2023-07-09,E. coli,0.0,1.8786710914165567
Uganda,Kampala,2023-07-09,Salmonella,3.65,1.8307629705218524
Uganda,Kampala,2023-07-09,Shigella,10.14,2.0095253013871175
Uganda,Kampala,2023-07-09,Rotavirus,2.07,1.8566048966488566
Uganda,Kampala,2023-07-16,Cholera,0.0,1.8928888128239627
Uganda,Kampala,2023-07-16,E. coli,1.5,1.8786710914165567
Uganda,Kampala,2023-07-16,Salmonella,0.0,1.8621515910492494
Uganda,Kampala,2023-07-16,Shigella,6.14,9.059563573457456
Uganda,Kampala,2023-07-16,Rotavirus,0.0,1.7292026807681808
Uganda,Kampala,2023-07-23,Cholera,0.0,1.7808889268062262
Uganda,Kampala,2023-07-23,E. coli,0.93,1.802488302420439
Uganda,Kampala,2023-07-23,Salmonella,2.36,1.6893711486767018
Uganda,Kampala,2023-07-23,Shigella,0.0,1.9068313628496054
Uganda,Kampala,2023-07-23,Rotavirus,4.22,1.7292026807681808
Uganda,Kampala,2023-07-30,Cholera,0.0,1.7808889268062262
Uganda,Kampala,2023-07-30,E. coli,7.65,1.802488302420439
Uganda,Kampala,2023-07-30,Salmonella,0.0,1.6893711486767018
Uganda,Kampala,2023-07-30,Shigella,4.04,1.9068313628496054
Uganda,Kampala,2023-07-30,Rotavirus,1.63,1.7292026807681808
Uganda,Kampala,2023-08-06,Cholera,6.04,1.7808889268062262
Uganda,Kampala,2023-08-06,E. coli,6.35,1.802488302420439
Uganda,Kampala,2023-08-06,Salmonella,1.06,1.6893711486767018
Uganda,Kampala,2023-08-06,Shigella,0.0,1.9068313628496054
Uganda,Kampala,2023-08-06,Rotavirus,15.33,6.948620017904181
Uganda,Kampala,2023-08-13,Cholera,0.0,1.7808889268062262
Uganda,Kampala,2023-08-13,E. coli,0.0,1.802488302420439
Uganda,Kampala,2023-08-13,Salmonella,2.17,1.6893711486767018
Uganda,Kampala,2023-08-13,Shigella,2.14,1.9068313628496054
Uganda,Kampala,2023-08-13,Rotavirus,0.79,1.7292026807681808
Uganda,Kampala,2023-08-20,Cholera,6.16,1.7808889268062262
Uganda,Kampala,2023-08-20,E. coli,0.0,1.802488302420439
Uganda,Kampala,2023-08-20,Salmonella,4.07,1.6893711486767018
Uganda,Kampala,2023-08-20,Shigella,0.0,1.9068313628496054
Uganda,Kampala,2023-08-20,Rotavirus,2.88,1.7292026807681808
Uganda,Kampala,2023-08-27,Cholera,5.28,1.7808889268062262
Uganda,Kampala,2023-08-27,E. coli,19.35,6.357233182204705
Uganda,Kampala,2023-08-27,Salmonella,0.88,1.6893711486767018
Uganda,Kampala,2023-08-27,Shigella,0.0,1.9068313628496054
Uganda,Kampala,2023-08-27,Rotavirus,0.0,1.7292026807681808
Uganda,Kampala,2023-09-03,Cholera,0.0,1.7808889268062262
Uganda,Kampala,2023-09-03,E. coli,0.26,1.802488302420439
Uganda,Kampala,2023-09-03,Salmonella,0.0,1.6893711486767018
Uganda,Kampala,2023-09-03,Shigella,4.89,1.9068313628496054
Uganda,Kampala,2023-09-03,Rotavirus,0.0,1.7292026807681808
Uganda,Kampala,2023-09-10,Cholera,5.77,1.7808889268062262
Uganda,Kampala,2023-09-10,E. coli,6.93,1.802488302420439
Uganda,Kampala,2023-09-10,Salmonella,0.0,1.6893711486767018
Uganda,Kampala,2023-09-10,Shigella,0.0,1.9068313628496054
Uganda,Kampala,2023-09-10,Rotavirus,7.65,1.7292026807681808
Uganda,Kampala,2023-09-17,Cholera,3.32,1.7808889268062262
Uganda,Kampala,2023-09-17,E. coli,0.0,1.802488302420439
Uganda,Kampala,2023-09-17,Salmonella,0.0,1.6893711486767018
Uganda,Kampala,2023-09-17,Shigella,2.56,1.9068313628496054
Uganda,Kampala,2023-09-17,Rotavirus,9.68,1.7292026807681808
Uganda,Kampala,2023-09-24,Cholera,0.0,1.7808889268062262
Uganda,Kampala,2023-09-24,E. coli,0.0,1.802488302420439
Uganda,Kampala,2023-09-24,Salmonella,0.23,1.6893711486767018
Uganda,Kampala,2023-09-24,Shigella,0.26,1.9068313628496054
Uganda,Kampala,2023-09-24,Rotavirus,1.61,1.7292026807681808
Uganda,Kampala,2023-10-01,Cholera,0.0,1.7808889268062262
Uganda,Kampala,2023-10-01,E. coli,6.1,1.802488302420439
Uganda,Kampala,2023-10-01,Salmonella,0.0,1.6893711486767018
Uganda,Kampala,2023-10-01,Shigella,2.17,1.9068313628496054
Uganda,Kampala,2023-10-01,Rotavirus,2.38,1.7292026807681808
Uganda,Kampala,2023-10-08,Cholera,0.0,1.7808889268062262
Uganda,Kampala,2023-10-08,E. coli,2.12,1.802488302420439
Uganda,Kampala,2023-10-08,Salmonella,2.51,1.6893711486767018
Uganda,Kampala,2023-10-08,Shigella,0.0,6.691493256518193
Uganda,Kampala,2023-10-08,Rotavirus,0.0,1.7292026807681808
Uganda,Kampala,2023-10-15,Cholera,9.42,1.7808889268062262
Uganda,Kampala,2023-10-15,E. coli,0.0,1.802488302420439
Uganda,Kampala,2023-10-15,Salmonella,0.0,1.6893711486767018
Uganda,Kampala,2023-10-15,Shigella,3.26,1.9068313628496054
Uganda,Kampala,2023-10-15,Rotavirus,0.66,1.7292026807681808
Uganda,Kampala,2023-10-22,Cholera,0.0,1.7808889268062262
Uganda,Kampala,2023-10-22,E. coli,2.86,1.802488302420439
Uganda,Kampala,2023-10-22,Salmonella,0.0,1.6893711486767018
Uganda,Kampala,2023-10-22,Shigella,0.0,1.9068313628496054
Uganda,Kampala,2023-10-22,Rotavirus,5.92,1.7292026807681808
Uganda,Kampala,2023-10-29,Cholera,0.0,1.7808889268062262
Uganda,Kampala,2023-10-29,E. coli,0.0,1.802488302420439
Uganda,Kampala,2023-10-29,Salmonella,0.2,1.6893711486767018
Uganda,Kampala,2023-10-29,Shigella,0.0,1.9068313628496054
Uganda,Kampala,2023-10-29,Rotavirus,2.84,1.7292026807681808
Uganda,Kampala,2023-11-05,Cholera,0.0,1.7808889268062262
Uganda,Kampala,2023-11-05,E. coli,1.6,1.802488302420439
Uganda,Kampala,2023-11-05,Salmonella,0.0,1.6893711486767018
Uganda,Kampala,2023-11-05,Shigella,0.56,1.9068313628496054
Uganda,Kampala,2023-11-05,Rotavirus,0.0,1.7292026807681808
Uganda,Kampala,2023-11-12,Cholera,0.0,1.7808889268062262
Uganda,Kampala,2023-11-12,E. coli,0.0,1.802488302420439
Uganda,Kampala,2023-11-12,Salmonella,0.0,1.6893711486767018
Uganda,Kampala,2023-11-12,Shigella,5.1,1.9068313628496054
Uganda,Kampala,2023-11-12,Rotavirus,0.0,1.7292026807681808
Uganda,Kampala,2023-11-19,Cholera,0.0,1.7808889268062262
Uganda,Kampala,2023-11-19,E. coli,0.0,1.802488302420439
Uganda,Kampala,2023-11-19,Salmonella,2.59,1.6893711486767018
Uganda,Kampala,2023-11-19,Shigella,0.0,1.9068313628496054
Uganda,Kampala,2023-11-19,Rotavirus,8.01,1.7292026807681808
Uganda,Kampala,2023-11-26,Cholera,8.4,1.7808889268062262
Uganda,Kampala,2023-11-26,E. coli,2.8,1.802488302420439
Uganda,Kampala,2023-11-26,Salmonella,0.0,1.6893711486767018
Uganda,Kampala,2023-11-26,Shigella,0.0,1.9068313628496054
Uganda,Kampala,2023-11-26,Rotavirus,0.21,1.7292026807681808
Uganda,Kampala,2023-12-03,Cholera,4.99,1.7808889268062262
Uganda,Kampala,2023-12-03,E. coli,0.0,1.802488302420439
Uganda,Kampala,2023-12-03,Salmonella,0.0,1.6893711486767018
Uganda,Kampala,2023-12-03,Shigella,0.0,1.9068313628496054
Uganda,Kampala,2023-12-03,Rotavirus,5.32,1.7292026807681808
Uganda,Kampala,2023-12-10,Cholera,2.81,1.7808889268062262
Uganda,Kampala,2023-12-10,E. coli,0.0,1.802488302420439
Uganda,Kampala,2023-12-10,Salmonella,0.0,1.6893711486767018
Uganda,Kampala,2023-12-10,Shigella,0.0,1.9068313628496054
Uganda,Kampala,2023-12-10,Rotavirus,0.0,1.7292026807681808
Uganda,Kampala,2023-12-17,Cholera,2.38,1.7808889268062262
Uganda,Kampala,2023-12-17,E. coli,1.39,1.8872065279065309
Uganda,Kampala,2023-12-17,Salmonella,0.0,1.8621515910492494
Uganda,Kampala,2023-12-17,Shigella,8.23,8.995608204926206
Uganda,Kampala,2023-12-17,Rotavirus,0.0,1.8286642077504374
Uganda,Kampala,2023-12-24,Cholera,0.0,2.014656811098659
Uganda,Kampala,2023-12-24,E. coli,5.06,6.935711611884943
Uganda,Kampala,2023-12-24,Salmonella,2.72,1.8621515910492494
Uganda,Kampala,2023-12-24,Shigella,0.0,3.2173774724311697
Uganda,Kampala,2023-12-24,Rotavirus,0.0,1.8566048966488566
Uganda,Gulu,2023-01-01,Cholera,1.65,2.046924249657228
Uganda,Gulu,2023-01-01,E. coli,0.0,2.8519379780900045
Uganda,Gulu,2023-01-01,Salmonella,3.9,2.7591300905336555
Uganda,Gulu,2023-01-01,Shigella,6.69,3.1783556768820707
Uganda,Gulu,2023-01-01,Rotavirus,0.0,2.223509925163204
Uganda,Gulu,2023-01-08,Cholera,4.99,9.657626398757792
Uganda,Gulu,2023-01-08,E. coli,11.14,9.938569489689506
Uganda,Gulu,2023-01-08,Salmonella,0.0,2.166112281402098
Uganda,Gulu,2023-01-08,Shigella,7.41,3.1387533303299535
Uganda,Gulu,2023-01-08,Rotavirus,0.0,2.527873364009092
Uganda,Gulu,2023-01-15,Cholera,0.0,2.5265763747534242
Uganda,Gulu,2023-01-15,E. coli,15.64,3.2573714659835047
Uganda,Gulu,2023-01-15,Salmonella,5.34,2.80737984423772
Uganda,Gulu,2023-01-15,Shigella,0.0,3.1783556768820707
Uganda,Gulu,2023-01-15,Rotavirus,3.18,3.2691794203780065
Uganda,Gulu,2023-01-22,Cholera,0.0,2.8009696257473884
Uganda,Gulu,2023-01-22,E. coli,2.72,2.8147630386877482
Uganda,Gulu,2023-01-22,Salmonella,11.26,3.5309689462068286
Uganda,Gulu,2023-01-22,Shigella,1.14,3.121684317070724
Uganda,Gulu,2023-01-22,Rotavirus,0.0,3.2691794203780065
Uganda,Gulu,2023-01-29,Cholera,2.45,3.2225865472750996
Uganda,Gulu,2023-01-29,E. coli,15.29,9.784688917346916
Uganda,Gulu,2023-01-29,Salmonella,0.0,3.2830807233226262
Uganda,Gulu,2023-01-29,Shigella,0.0,3.3369896384303006
Uganda,Gulu,2023-01-29,Rotavirus,1.5,3.2691794203780065
Uganda,Gulu,2023-02-05,Cholera,0.0,3.2225865472750996
Uganda,Gulu,2023-02-05,E. coli,5.19,3.2573714659835047
Uganda,Gulu,2023-02-05,Salmonella,1.13,2.9061072033520396
Uganda,Gulu,2023-02-05,Shigella,1.5,3.647091658928206
Uganda,Gulu,2023-02-05,Rotavirus,2.15,3.682248688254654
Uganda,Gulu,2023-02-12,Cholera,0.0,2.8381445651496437
Uganda,Gulu,2023-02-12,E. coli,8.6,3.0357662126414446
Uganda,Gulu,2023-02-12,Salmonella,0.0,3.342777262556746
Uganda,Gulu,2023-02-12,Shigella,0.0,3.647091658928206
Uganda,Gulu,2023-02-12,Rotavirus,9.65,3.2691794203780065
Uganda,Gulu,2023-02-19,Cholera,1.67,3.2225865472750996
Uganda,Gulu,2023-02-19,E. coli,0.0,3.396622629062508
Uganda,Gulu,2023-02-19,Salmonella,7.34,2.8475063937022536
Uganda,Gulu,2023-02-19,Shigella,0.32,3.542295278622786
Uganda,Gulu,2023-02-19,Rotavirus,3.28,4.686469931244841
Uganda,Gulu,2023-02-26,Cholera,5.71,3.2225865472750996
Uganda,Gulu,2023-02-26,E. coli,0.0,3.6058475949755944
Uganda,Gulu,2023-02-26,Salmonella,2.37,3.666387982632735
Uganda,Gulu,2023-02-26,Shigella,6.18,3.597977409271497
Uganda,Gulu,2023-02-26,Rotavirus,5.32,2.8538744973438344
Uganda,Gulu,2023-03-05,Cholera,1.04,4.692432638141948
Uganda,Gulu,2023-03-05,E. coli,9.29,7.193444487306969
Uganda,Gulu,2023-03-05,Salmonella,2.54,3.7146348637337616
Uganda,Gulu,2023-03-05,Shigella,9.17,3.597977409271497
Uganda,Gulu,2023-03-05,Rotavirus,2.62,4.599172745906124
Uganda,Gulu,2023-03-12,Cholera,0.83,3.608453512685469
Uganda,Gulu,2023-03-12,E. coli,14.1,5.8100538685468734
Uganda,Gulu,2023-03-12,Salmonella,0.0,3.5309689462068286
Uganda,Gulu,2023-03-12,Shigella,0.0,4.675988408137541
Uganda,Gulu,2023-03-12,Rotavirus,6.3,5.875476831366939
Uganda,Gulu,2023-03-19,Cholera,9.15,4.706594658137542
Uganda,Gulu,2023-03-19,E. coli,6.36,3.2971822046298382
Uganda,Gulu,2023-03-19,Salmonella,0.0,4.518888537125569
Uganda,Gulu,2023-03-19,Shigella,0.0,4.769545104112369
Uganda,Gulu,2023-03-19,Rotavirus,8.52,4.683089047586742
Uganda,Gulu,2023-03-26,Cholera,0.0,3.4730344762595626
Uganda,Gulu,2023-03-26,E. coli,11.33,3.682203456842217
Uganda,Gulu,2023-03-26,Salmonella,3.56,4.518888537125569
Uganda,Gulu,2023-03-26,Shigella,5.6,3.719211481478368
Uganda,Gulu,2023-03-26,Rotavirus,7.15,4.642204190122624
Uganda,Gulu,2023-04-02,Cholera,0.0,4.692432638141948
Uganda,Gulu,2023-04-02,E. coli,0.0,6.747159359776842
Uganda,Gulu,2023-04-02,Salmonella,3.77,3.5309689462068286
Uganda,Gulu,2023-04-02,Shigella,11.49,4.688036687821105
Uganda,Gulu,2023-04-02,Rotavirus,0.0,4.882163520498595
Uganda,Gulu,2023-04-09,Cholera,1.75,3.501595326829441
Uganda,Gulu,2023-04-09,E. coli,16.51,5.695754696525232
Uganda,Gulu,2023-04-09,Salmonella,0.0,3.559529796776707
Uganda,Gulu,2023-04-09,Shigella,13.06,3.647091658928206
Uganda,Gulu,2023-04-09,Rotavirus,3.85,4.642204190122624
Uganda,Gulu,2023-04-16,Cholera,1.87,4.769545104112369
Uganda,Gulu,2023-04-16,E. coli,0.4,5.75715843931025
Uganda,Gulu,2023-04-16,Salmonella,1.97,3.342777262556746
Uganda,Gulu,2023-04-16,Shigella,3.59,3.542295278622786
Uganda,Gulu,2023-04-16,Rotavirus,0.0,3.2691794203780065
Uganda,Gulu,2023-04-23,Cholera,10.69,4.81034341804446
Uganda,Gulu,2023-04-23,E. coli,2.14,3.554671539768277
Uganda,Gulu,2023-04-23,Salmonella,0.0,3.666387982632735
Uganda,Gulu,2023-04-23,Shigella,0.0,3.3369896384303006
Uganda,Gulu,2023-04-23,Rotavirus,0.36,4.642204190122624
Uganda,Gulu,2023-04-30,Cholera,14.34,3.608453512685469
Uganda,Gulu,2023-04-30,E. coli,7.57,3.554671539768277
Uganda,Gulu,2023-04-30,Salmonella,3.85,4.546519358199753
Uganda,Gulu,2023-04-30,Shigella,0.0,3.597977409271497
Uganda,Gulu,2023-04-30,Rotavirus,3.57,3.6009365139596836
Uganda,Gulu,2023-05-07,Cholera,1.09,3.608453512685469
Uganda,Gulu,2023-05-07,E. coli,11.73,5.931932744089303
Uganda,Gulu,2023-05-07,Salmonella,7.62,3.7146348637337616
Uganda,Gulu,2023-05-07,Shigella,8.64,3.542295278622786
Uganda,Gulu,2023-05-07,Rotavirus,2.94,3.6009365139596836
Uganda,Gulu,2023-05-14,Cholera,7.37,9.20251362609794
Uganda,Gulu,2023-05-14,E. coli,0.0,3.396622629062508
Uganda,Gulu,2023-05-14,Salmonella,4.31,3.666387982632735
Uganda,Gulu,2023-05-14,Shigella,12.83,6.213215715043108
Uganda,Gulu,2023-05-14,Rotavirus,1.74,3.025362544381969
Uganda,Gulu,2023-05-21,Cholera,0.0,3.20034796142515
Uganda,Gulu,2023-05-21,E. coli,0.0,3.396622629062508
Uganda,Gulu,2023-05-21,Salmonella,4.46,2.7591300905336555
Uganda,Gulu,2023-05-21,Shigella,0.0,3.672884010838081
Uganda,Gulu,2023-05-21,Rotavirus,0.5,3.203534680640209
Uganda,Gulu,2023-05-28,Cholera,0.0,3.032684018438595
Uganda,Gulu,2023-05-28,E. coli,16.39,11.709923687000437
Uganda,Gulu,2023-05-28,Salmonella,2.84,2.9061072033520396
Uganda,Gulu,2023-05-28,Shigella,1.38,3.3776471016075162
Uganda,Gulu,2023-05-28,Rotavirus,3.21,3.5572774574781523
Uganda,Gulu,2023-06-04,Cholera,5.29,3.20034796142515
Uganda,Gulu,2023-06-04,E. coli,10.39,3.22673250495798
Uganda,Gulu,2023-06-04,Salmonella,7.35,3.2830807233226262
Uganda,Gulu,2023-06-04,Shigella,0.71,3.1783556768820707
Uganda,Gulu,2023-06-04,Rotavirus,0.24,3.203534680640209
Uganda,Gulu,2023-06-11,Cholera,5.37,2.8009696257473884
Uganda,Gulu,2023-06-11,E. coli,0.18,3.2971822046298382
Uganda,Gulu,2023-06-11,Salmonella,4.37,10.035966429281446
Uganda,Gulu,2023-06-11,Shigella,0.0,3.1783556768820707
Uganda,Gulu,2023-06-11,Rotavirus,0.0,3.203534680640209
Uganda,Gulu,2023-06-18,Cholera,4.38,2.5265763747534242
Uganda,Gulu,2023-06-18,E. coli,1.74,3.2573714659835047
Uganda,Gulu,2023-06-18,Salmonella,4.64,2.7591300905336555
Uganda,Gulu,2023-06-18,Shigella,9.4,3.1387533303299535
Uganda,Gulu,2023-06-18,Rotavirus,8.28,3.4631818901776485
Uganda,Gulu,2023-06-25,Cholera,5.35,2.7527198720433246
Uganda,Gulu,2023-06-25,E. coli,0.0,2.160607295074808
Uganda,Gulu,2023-06-25,Salmonella,0.0,2.20146428118983
Uganda,Gulu,2023-06-25,Shigella,7.61,2.1384452049770015
Uganda,Gulu,2023-06-25,Rotavirus,1.54,2.757291110815782
Uganda,Gulu,2023-07-02,Cholera,2.28,2.7527198720433246
Uganda,Gulu,2023-07-02,E. coli,3.68,2.2084933976951477
Uganda,Gulu,2023-07-02,Salmonella,0.0,2.80737984423772
Uganda,Gulu,2023-07-02,Shigella,0.0,2.28007594727247
Uganda,Gulu,2023-07-02,Rotavirus,8.21,2.165372189963629
Uganda,Gulu,2023-07-09,Cholera,1.18,2.2262792073703075
Uganda,Gulu,2023-07-09,E. coli,8.43,2.0370111566589877
Uganda,Gulu,2023-07-09,Salmonella,0.0,2.5151611528138726
Uganda,Gulu,2023-07-09,Shigella,1.68,2.1384452049770015
Uganda,Gulu,2023-07-09,Rotavirus,0.0,2.165372189963629
Uganda,Gulu,2023-07-16,Cholera,0.0,1.9177703424221209
Uganda,Gulu,2023-07-16,E. coli,5.31,1.9639983708891058
Uganda,Gulu,2023-07-16,Salmonella,1.32,1.931851564181222
Uganda,Gulu,2023-07-16,Shigella,0.0,2.006944647538575
Uganda,Gulu,2023-07-16,Rotavirus,0.0,1.8907358204311364
Uganda,Gulu,2023-07-23,Cholera,3.54,1.9177703424221209
Uganda,Gulu,2023-07-23,E. coli,0.0,1.9263898411296145
Uganda,Gulu,2023-07-23,Salmonella,0.0,1.8802897188519656
Uganda,Gulu,2023-07-23,Shigella,0.8,2.006944647538575
Uganda,Gulu,2023-07-23,Rotavirus,0.0,1.8907358204311364
Uganda,Gulu,2023-07-30,Cholera,0.0,1.9177703424221209
Uganda,Gulu,2023-07-30,E. coli,0.0,1.9263898411296145
Uganda,Gulu,2023-07-30,Salmonella,0.65,1.8802897188519656
Uganda,Gulu,2023-07-30,Shigella,0.0,2.006944647538575
Uganda,Gulu,2023-07-30,Rotavirus,8.86,1.8907358204311364
Uganda,Gulu,2023-08-06,Cholera,1.94,1.9177703424221209
Uganda,Gulu,2023-08-06,E. coli,0.0,1.9263898411296145
Uganda,Gulu,2023-08-06,Salmonella,0.0,1.8802897188519656
Uganda,Gulu,2023-08-06,Shigella,0.0,2.006944647538575
Uganda,Gulu,2023-08-06,Rotavirus,0.77,1.8907358204311364
Uganda,Gulu,2023-08-13,Cholera,0.0,1.9177703424221209
Uganda,Gulu,2023-08-13,E. coli,0.0,1.9263898411296145
Uganda,Gulu,2023-08-13,Salmonella,0.0,1.8802897188519656
Uganda,Gulu,2023-08-13,Shigella,4.57,2.006944647538575
Uganda,Gulu,2023-08-13,Rotavirus,0.0,1.8907358204311364
Uganda,Gulu,2023-08-20,Cholera,0.0,1.9177703424221209
Uganda,Gulu,2023-08-20,E. coli,4.04,1.9263898411296145
Uganda,Gulu,2023-08-20,Salmonella,0.0,1.8802897188519656
Uganda,Gulu,2023-08-20,Shigella,0.0,2.006944647538575
Uganda,Gulu,2023-08-20,Rotavirus,0.0,1.8907358204311364
Uganda,Gulu,2023-08-27,Cholera,0.96,1.9177703424221209
Uganda,Gulu,2023-08-27,E. coli,0.0,1.9263898411296145
Uganda,Gulu,2023-08-27,Salmonella,0.0,1.8802897188519656
Uganda,Gulu,2023-08-27,Shigella,4.35,2.006944647538575
Uganda,Gulu,2023-08-27,Rotavirus,1.9,1.8907358204311364
Uganda,Gulu,2023-09-03,Cholera,0.0,1.9177703424221209
Uganda,Gulu,2023-09-03,E. coli,0.0,1.9263898411296145
Uganda,Gulu,2023-09-03,Salmonella,2.79,1.8802897188519656
Uganda,Gulu,2023-09-03,Shigella,0.0,2.006944647538575
Uganda,Gulu,2023-09-03,Rotavirus,0.0,1.8907358204311364
Uganda,Gulu,2023-09-10,Cholera,22.83,9.532611311659783
Uganda,Gulu,2023-09-10,E. coli,1.34,1.9263898411296145
Uganda,Gulu,2023-09-10,Salmonella,0.0,1.8802897188519656
Uganda,Gulu,2023-09-10,Shigella,0.0,2.006944647538575
Uganda,Gulu,2023-09-10,Rotavirus,8.29,1.8907358204311364
Uganda,Gulu,2023-09-17,Cholera,11.53,6.213215715043108
Uganda,Gulu,2023-09-17,E. coli,2.44,1.9263898411296145
Uganda,Gulu,2023-09-17,Salmonella,5.36,1.8802897188519656
Uganda,Gulu,2023-09-17,Shigella,0.0,2.006944647538575
Uganda,Gulu,2023-09-17,Rotavirus,4.23,1.8907358204311364
Uganda,Gulu,2023-09-24,Cholera,2.7,1.9177703424221209
Uganda,Gulu,2023-09-24,E. coli,4.38,1.9263898411296145
Uganda,Gulu,2023-09-24,Salmonella,0.0,1.8802897188519656
Uganda,Gulu,2023-09-24,Shigella,0.0,2.006944647538575
Uganda,Gulu,2023-09-24,Rotavirus,1.31,1.8907358204311364
Uganda,Gulu,2023-10-01,Cholera,0.0,1.9177703424221209
Uganda,Gulu,2023-10-01,E. coli,10.07,8.023668109250591
Uganda,Gulu,2023-10-01,Salmonella,3.64,1.8802897188519656
Uganda,Gulu,2023-10-01,Shigella,0.0,2.006944647538575
Uganda,Gulu,2023-10-01,Rotavirus,0.0,1.8907358204311364
Uganda,Gulu,2023-10-08,Cholera,0.0,1.9177703424221209
Uganda,Gulu,2023-10-08,E. coli,1.85,1.9263898411296145
Uganda,Gulu,2023-10-08,Salmonella,13.88,1.8802897188519656
Uganda,Gulu,2023-10-08,Shigella,0.2,2.006944647538575
Uganda,Gulu,2023-10-08,Rotavirus,0.0,1.8907358204311364
Uganda,Gulu,2023-10-15,Cholera,0.0,1.9177703424221209
Uganda,Gulu,2023-10-15,E. coli,3.6,1.9263898411296145
Uganda,Gulu,2023-10-15,Salmonella,0.0,1.8802897188519656
Uganda,Gulu,2023-10-15,Shigella,12.32,2.006944647538575
Uganda,Gulu,2023-10-15,Rotavirus,1.63,1.8907358204311364
Uganda,Gulu,2023-10-22,Cholera,8.7,1.9177703424221209
Uganda,Gulu,2023-10-22,E. coli,3.91,1.9263898411296145
Uganda,Gulu,2023-10-22,Salmonella,0.0,1.8802897188519656
Uganda,Gulu,2023-10-22,Shigella,1.43,2.006944647538575
Uganda,Gulu,2023-10-22,Rotavirus,0.0,1.8907358204311364
Uganda,Gulu,2023-10-29,Cholera,0.0,1.9177703424221209
Uganda,Gulu,2023-10-29,E. coli,0.0,1.9263898411296145
Uganda,Gulu,2023-10-29,Salmonella,8.11,6.437298536042864
Uganda,Gulu,2023-10-29,Shigella,3.74,2.006944647538575
Uganda,Gulu,2023-10-29,Rotavirus,6.99,1.8907358204311364
Uganda,Gulu,2023-11-05,Cholera,0.0,1.9177703424221209
Uganda,Gulu,2023-11-05,E. coli,3.15,1.9263898411296145
Uganda,Gulu,2023-11-05,Salmonella,1.92,1.8802897188519656
Uganda,Gulu,2023-11-05,Shigella,0.0,2.006944647538575
Uganda,Gulu,2023-11-05,Rotavirus,0.0,6.2248900716421645
Uganda,Gulu,2023-11-12,Cholera,0.88,1.9177703424221209
Uganda,Gulu,2023-11-12,E. coli,5.45,1.9263898411296145
Uganda,Gulu,2023-11-12,Salmonella,0.0,1.8802897188519656
Uganda,Gulu,2023-11-12,Shigella,2.86,2.006944647538575
Uganda,Gulu,2023-11-12,Rotavirus,5.12,1.8907358204311364
Uganda,Gulu,2023-11-19,Cholera,0.83,7.827298471386823
Uganda,Gulu,2023-11-19,E. coli,13.07,8.109308449310992
Uganda,Gulu,2023-11-19,Salmonella,8.2,4.972156202863402
Uganda,Gulu,2023-11-19,Shigella,0.0,2.006944647538575
Uganda,Gulu,2023-11-19,Rotavirus,4.32,1.8907358204311364
Uganda,Gulu,2023-11-26,Cholera,0.0,1.9177703424221209
Uganda,Gulu,2023-11-26,E. coli,0.02,1.9263898411296145
Uganda,Gulu,2023-11-26,Salmonella,8.11,1.8802897188519656
Uganda,Gulu,2023-11-26,Shigella,0.0,2.006944647538575
Uganda,Gulu,2023-11-26,Rotavirus,3.38,1.8907358204311364
Uganda,Gulu,2023-12-03,Cholera,7.33,1.9177703424221209
Uganda,Gulu,2023-12-03,E. coli,2.7,1.9263898411296145
Uganda,Gulu,2023-12-03,Salmonella,1.15,1.8802897188519656
Uganda,Gulu,2023-12-03,Shigella,0.0,2.006944647538575
Uganda,Gulu,2023-12-03,Rotavirus,4.34,1.8907358204311364
Uganda,Gulu,2023-12-10,Cholera,0.0,1.9177703424221209
Uganda,Gulu,2023-12-10,E. coli,2.49,1.9263898411296145
Uganda,Gulu,2023-12-10,Salmonella,0.0,1.8802897188519656
Uganda,Gulu,2023-12-10,Shigella,0.0,2.006944647538575
Uganda,Gulu,2023-12-10,Rotavirus,2.45,1.8907358204311364
Uganda,Gulu,2023-12-17,Cholera,0.0,1.9699085413418411
Uganda,Gulu,2023-12-17,E. coli,0.0,1.9263898411296145
Uganda,Gulu,2023-12-17,Salmonella,0.0,2.0251015440462647
Uganda,Gulu,2023-12-17,Shigella,2.71,2.006944647538575
Uganda,Gulu,2023-12-17,Rotavirus,6.5,2.165372189963629
Uganda,Gulu,2023-12-24,Cholera,6.12,2.046924249657228
Uganda,Gulu,2023-12-24,E. coli,3.25,6.19446729802244
Uganda,Gulu,2023-12-24,Salmonella,0.0,2.20146428118983
Uganda,Gulu,2023-12-24,Shigella,0.0,2.1384452049770015
Uganda,Gulu,2023-12-24,Rotavirus,0.0,2.757291110815782
Uganda,Mbale,2023-01-01,Cholera,0.16,2.822059924029233
Uganda,Mbale,2023-01-01,E. coli,1.55,2.7014410857146807
Uganda,Mbale,2023-01-01,Salmonella,3.91,2.5812776630656713
Uganda,Mbale,2023-01-01,Shigella,7.44,3.268380917421665
Uganda,Mbale,2023-01-01,Rotavirus,2.77,2.0688573428567425
Uganda,Mbale,2023-01-08,Cholera,0.0,2.694942153959855
Uganda,Mbale,2023-01-08,E. coli,1.2,2.719651169684728
Uganda,Mbale,2023-01-08,Salmonella,8.86,2.5605644838305532
Uganda,Mbale,2023-01-08,Shigella,0.05,3.3205896709920806
Uganda,Mbale,2023-01-08,Rotavirus,0.0,2.799032847160165
Uganda,Mbale,2023-01-15,Cholera,0.0,3.1813602252607684
Uganda,Mbale,2023-01-15,E. coli,0.0,2.719651169684728
Uganda,Mbale,2023-01-15,Salmonella,5.77,2.9162217734341978
Uganda,Mbale,2023-01-15,Shigella,9.33,3.3205896709920806
Uganda,Mbale,2023-01-15,Rotavirus,8.24,2.799032847160165
Uganda,Mbale,2023-01-22,Cholera,0.0,3.1813602252607684
Uganda,Mbale,2023-01-22,E. coli,15.31,10.115775054690975
Uganda,Mbale,2023-01-22,Salmonella,2.26,2.7704272347785257
Uganda,Mbale,2023-01-22,Shigella,0.0,3.487918158664978
Uganda,Mbale,2023-01-22,Rotavirus,0.0,2.8576336568099516
Uganda,Mbale,2023-01-29,Cholera,6.76,2.9708138760094376
Uganda,Mbale,2023-01-29,E. coli,4.23,2.7474548047144185
Uganda,Mbale,2023-01-29,Salmonella,0.0,3.351798771801439
Uganda,Mbale,2023-01-29,Shigella,0.0,3.381040383475
Uganda,Mbale,2023-01-29,Rotavirus,0.0,3.5828931376700446
Uganda,Mbale,2023-02-05,Cholera,3.96,2.822059924029233
Uganda,Mbale,2023-02-05,E. coli,6.41,3.4783634572455617
Uganda,Mbale,2023-02-05,Salmonella,3.56,3.650680193699224
Uganda,Mbale,2023-02-05,Shigella,3.85,3.66965167332367
Uganda,Mbale,2023-02-05,Rotavirus,0.16,3.2782009296226993
Uganda,Mbale,2023-02-12,Cholera,3.45,2.9708138760094376
Uganda,Mbale,2023-02-12,E. coli,7.79,3.5069243078154404
Uganda,Mbale,2023-02-12,Salmonella,2.41,3.241854401308294
Uganda,Mbale,2023-02-12,Shigella,4.87,3.66965167332367
Uganda,Mbale,2023-02-12,Rotavirus,8.52,3.5828931376700446
Uganda,Mbale,2023-02-19,Cholera,2.92,4.259129718344213
Uganda,Mbale,2023-02-19,E. coli,0.0,3.1003344713470415
Uganda,Mbale,2023-02-19,Salmonella,10.4,4.095801615910818
Uganda,Mbale,2023-02-19,Shigella,0.0,3.487918158664978
Uganda,Mbale,2023-02-19,Rotavirus,4.25,3.5828931376700446
Uganda,Mbale,2023-02-26,Cholera,7.43,4.259129718344213
Uganda,Mbale,2023-02-26,E. coli,3.7,3.661088995992372
Uganda,Mbale,2023-02-26,Salmonella,4.8,3.748741764089619
Uganda,Mbale,2023-02-26,Shigella,4.66,3.736477211866316
Uganda,Mbale,2023-02-26,Rotavirus,0.0,3.740855632748458
Uganda,Mbale,2023-03-05,Cholera,1.55,3.1813602252607684
Uganda,Mbale,2023-03-05,E. coli,5.63,3.550201474054839
Uganda,Mbale,2023-03-05,Salmonella,0.0,3.7663293409376286
Uganda,Mbale,2023-03-05,Shigella,4.69,6.262930038424568
Uganda,Mbale,2023-03-05,Rotavirus,0.0,4.238115394155798
Uganda,Mbale,2023-03-12,Cholera,7.9,4.367550471022911
Uganda,Mbale,2023-03-12,E. coli,0.0,3.5069243078154404
Uganda,Mbale,2023-03-12,Salmonella,3.61,4.140377754390736
Uganda,Mbale,2023-03-12,Shigella,2.88,3.8056765469175287
Uganda,Mbale,2023-03-12,Rotavirus,8.02,3.690807294142352
Uganda,Mbale,2023-03-19,Cholera,0.0,3.6299681108109265
Uganda,Mbale,2023-03-19,E. coli,10.05,10.07336205098533
Uganda,Mbale,2023-03-19,Salmonella,10.85,3.748741764089619
Uganda,Mbale,2023-03-19,Shigella,2.61,3.834135204975145
Uganda,Mbale,2023-03-19,Rotavirus,1.19,4.687663723653573
Uganda,Mbale,2023-03-26,Cholera,5.28,3.71566781227443
Uganda,Mbale,2023-03-26,E. coli,4.96,3.5069243078154404
Uganda,Mbale,2023-03-26,Salmonella,0.81,4.140931979999791
Uganda,Mbale,2023-03-26,Shigella,7.08,4.6173285353388875
Uganda,Mbale,2023-03-26,Rotavirus,0.0,3.6299681108109265
Uganda,Mbale,2023-04-02,Cholera,1.26,3.56418487318208
Uganda,Mbale,2023-04-02,E. coli,1.73,4.930338307769112
Uganda,Mbale,2023-04-02,Salmonella,0.93,3.748741764089619
Uganda,Mbale,2023-04-02,Shigella,7.03,4.585678204130288
Uganda,Mbale,2023-04-02,Rotavirus,0.41,4.238115394155798
Uganda,Mbale,2023-04-09,Cholera,2.28,4.280800025048084
Uganda,Mbale,2023-04-09,E. coli,4.9,3.1309734323725653
Uganda,Mbale,2023-04-09,Salmonella,0.53,4.807978703996436
Uganda,Mbale,2023-04-09,Shigella,0.0,3.3205896709920806
Uganda,Mbale,2023-04-09,Rotavirus,1.44,3.740855632748458
Uganda,Mbale,2023-04-16,Cholera,5.49,3.740855632748458
Uganda,Mbale,2023-04-16,E. coli,0.74,5.310602596210458
Uganda,Mbale,2023-04-16,Salmonella,10.23,11.696881163836542
Uganda,Mbale,2023-04-16,Shigella,3.6,3.834135204975145
Uganda,Mbale,2023-04-16,Rotavirus,1.91,3.5543322871001664
Uganda,Mbale,2023-04-23,Cholera,7.22,3.740855632748458
Uganda,Mbale,2023-04-23,E. coli,0.0,3.645191598470132
Uganda,Mbale,2023-04-23,Salmonella,7.58,3.622119343129346
Uganda,Mbale,2023-04-23,Shigella,3.89,3.736477211866316
Uganda,Mbale,2023-04-23,Rotavirus,3.04,3.690807294142352
Uganda,Mbale,2023-04-30,Cholera,8.73,3.740855632748458
Uganda,Mbale,2023-04-30,E. coli,8.61,5.4274824030356275
Uganda,Mbale,2023-04-30,Salmonella,3.96,4.42163657332459
Uganda,Mbale,2023-04-30,Shigella,5.3,9.14513061474393
Uganda,Mbale,2023-04-30,Rotavirus,0.0,4.260032335275239
Uganda,Mbale,2023-05-07,Cholera,5.23,3.740855632748458
Uganda,Mbale,2023-05-07,E. coli,1.85,9.773413690321728
Uganda,Mbale,2023-05-07,Salmonella,13.8,10.235444098422198
Uganda,Mbale,2023-05-07,Shigella,2.64,4.438675821162967
Uganda,Mbale,2023-05-07,Rotavirus,0.37,4.161164149855634
Uganda,Mbale,2023-05-14,Cholera,0.0,4.21399935425524
Uganda,Mbale,2023-05-14,E. coli,0.45,3.5069243078154404
Uganda,Mbale,2023-05-14,Salmonella,8.9,3.6879025807581924
Uganda,Mbale,2023-05-14,Shigella,4.22,3.8056765469175287
Uganda,Mbale,2023-05-14,Rotavirus,1.52,3.6299681108109265
Uganda,Mbale,2023-05-21,Cholera,9.9,6.262930038424568
Uganda,Mbale,2023-05-21,E. coli,4.72,3.4783634572455617
Uganda,Mbale,2023-05-21,Salmonella,3.55,2.9162217734341978
Uganda,Mbale,2023-05-21,Shigella,4.54,3.7840868663690395
Uganda,Mbale,2023-05-21,Rotavirus,2.0,3.6299681108109265
Uganda,Mbale,2023-05-28,Cholera,13.55,9.044363276450328
Uganda,Mbale,2023-05-28,E. coli,0.0,3.4783634572455617
Uganda,Mbale,2023-05-28,Salmonella,14.41,4.140931979999791
Uganda,Mbale,2023-05-28,Shigella,13.99,3.487918158664978
Uganda,Mbale,2023-05-28,Rotavirus,0.0,3.155057738960652
Uganda,Mbale,2023-06-04,Cholera,7.26,3.740855632748458
Uganda,Mbale,2023-06-04,E. coli,5.29,3.2210320022779233
Uganda,Mbale,2023-06-04,Salmonella,9.92,2.9162217734341978
Uganda,Mbale,2023-06-04,Shigella,3.72,3.2826262641143544
Uganda,Mbale,2023-06-04,Rotavirus,0.0,3.1328191531107024
Uganda,Mbale,2023-06-11,Cholera,1.89,2.9708138760094376
Uganda,Mbale,2023-06-11,E. coli,0.0,3.5069243078154404
Uganda,Mbale,2023-06-11,Salmonella,0.0,2.5605644838305532
Uganda,Mbale,2023-06-11,Shigella,5.52,3.2826262641143544
Uganda,Mbale,2023-06-11,Rotavirus,7.58,9.289775128293464
Uganda,Mbale,2023-06-18,Cholera,1.29,2.823075756853422
Uganda,Mbale,2023-06-18,E. coli,0.0,2.884481705132922
Uganda,Mbale,2023-06-18,Salmonella,0.0,2.817494414319877
Uganda,Mbale,2023-06-18,Shigella,3.74,3.699254824807348
Uganda,Mbale,2023-06-18,Rotavirus,0.83,3.155057738960652
Uganda,Mbale,2023-06-25,Cholera,2.57,2.822059924029233
Uganda,Mbale,2023-06-25,E. coli,3.83,2.7102798653121636
Uganda,Mbale,2023-06-25,Salmonella,0.0,2.7704272347785257
Uganda,Mbale,2023-06-25,Shigella,0.6,3.487918158664978
Uganda,Mbale,2023-06-25,Rotavirus,3.88,2.7079406162588935
Uganda,Mbale,2023-07-02,Cholera,0.0,2.823075756853422
Uganda,Mbale,2023-07-02,E. coli,6.19,2.7014410857146807
Uganda,Mbale,2023-07-02,Salmonella,1.37,2.2664872993930443
Uganda,Mbale,2023-07-02,Shigella,5.77,3.268380917421665
Uganda,Mbale,2023-07-02,Rotavirus,0.39,2.7079406162588935
Uganda,Mbale,2023-07-09,Cholera,0.0,2.785900817451167
Uganda,Mbale,2023-07-09,E. coli,4.95,2.698793730788199
Uganda,Mbale,2023-07-09,Salmonella,8.23,2.5605644838305532
Uganda,Mbale,2023-07-09,Shigella,4.77,3.268380917421665
Uganda,Mbale,2023-07-09,Rotavirus,0.0,2.099145774990975
Uganda,Mbale,2023-07-16,Cholera,10.33,2.634936082555819
Uganda,Mbale,2023-07-16,E. coli,2.33,2.698793730788199
Uganda,Mbale,2023-07-16,Salmonella,12.6,10.26014177470425
Uganda,Mbale,2023-07-16,Shigella,5.19,3.0022843038741702
Uganda,Mbale,2023-07-16,Rotavirus,1.3,2.0688573428567425
Uganda,Mbale,2023-07-23,Cholera,4.19,2.634936082555819
Uganda,Mbale,2023-07-23,E. coli,3.75,2.6247991738693215
Uganda,Mbale,2023-07-23,Salmonella,3.27,2.1972200155115247
Uganda,Mbale,2023-07-23,Shigella,0.0,2.8257911982687904
Uganda,Mbale,2023-07-23,Rotavirus,0.0,1.988577703515512
Uganda,Mbale,2023-07-30,Cholera,4.1,2.634936082555819
Uganda,Mbale,2023-07-30,E. coli,2.12,2.6247991738693215
Uganda,Mbale,2023-07-30,Salmonella,0.0,2.1972200155115247
Uganda,Mbale,2023-07-30,Shigella,0.0,2.8257911982687904
Uganda,Mbale,2023-07-30,Rotavirus,0.0,1.988577703515512
Uganda,Mbale,2023-08-06,Cholera,0.0,2.634936082555819
Uganda,Mbale,2023-08-06,E. coli,0.0,2.6247991738693215
Uganda,Mbale,2023-08-06,Salmonella,10.11,2.1972200155115247
Uganda,Mbale,2023-08-06,Shigella,1.36,2.8257911982687904
Uganda,Mbale,2023-08-06,Rotavirus,2.09,1.988577703515512
Uganda,Mbale,2023-08-13,Cholera,5.46,2.634936082555819
Uganda,Mbale,2023-08-13,E. coli,0.0,2.6247991738693215
Uganda,Mbale,2023-08-13,Salmonella,0.0,2.1972200155115247
Uganda,Mbale,2023-08-13,Shigella,3.62,2.8257911982687904
Uganda,Mbale,2023-08-13,Rotavirus,0.0,1.988577703515512
Uganda,Mbale,2023-08-20,Cholera,3.49,2.634936082555819
Uganda,Mbale,2023-08-20,E. coli,0.0,2.6247991738693215
Uganda,Mbale,2023-08-20,Salmonella,0.0,2.1972200155115247
Uganda,Mbale,2023-08-20,Shigella,0.0,2.8257911982687904
Uganda,Mbale,2023-08-20,Rotavirus,3.3,1.988577703515512
Uganda,Mbale,2023-08-27,Cholera,8.09,2.634936082555819
Uganda,Mbale,2023-08-27,E. coli,2.08,2.6247991738693215
Uganda,Mbale,2023-08-27,Salmonella,0.0,2.1972200155115247
Uganda,Mbale,2023-08-27,Shigella,4.55,2.8257911982687904
Uganda,Mbale,2023-08-27,Rotavirus,0.0,1.988577703515512
Uganda,Mbale,2023-09-03,Cholera,0.0,2.634936082555819
Uganda,Mbale,2023-09-03,E. coli,0.4,2.6247991738693215
Uganda,Mbale,2023-09-03,Salmonella,3.79,2.1972200155115247
Uganda,Mbale,2023-09-03,Shigella,0.0,2.8257911982687904
Uganda,Mbale,2023-09-03,Rotavirus,0.0,1.988577703515512
Uganda,Mbale,2023-09-10,Cholera,0.0,2.634936082555819
Uganda,Mbale,2023-09-10,E. coli,5.41,2.6247991738693215
Uganda,Mbale,2023-09-10,Salmonella,0.0,2.1972200155115247
Uganda,Mbale,2023-09-10,Shigella,0.0,2.8257911982687904
Uganda,Mbale,2023-09-10,Rotavirus,0.0,1.988577703515512
Uganda,Mbale,2023-09-17,Cholera,6.17,2.634936082555819
Uganda,Mbale,2023-09-17,E. coli,0.0,2.6247991738693215
Uganda,Mbale,2023-09-17,Salmonella,8.5,10.235444098422198
Uganda,Mbale,2023-09-17,Shigella,0.0,2.8257911982687904
Uganda,Mbale,2023-09-17,Rotavirus,0.0,1.988577703515512
Uganda,Mbale,2023-09-24,Cholera,0.0,2.634936082555819
Uganda,Mbale,2023-09-24,E. coli,0.0,2.6247991738693215
Uganda,Mbale,2023-09-24,Salmonella,4.88,2.1972200155115247
Uganda,Mbale,2023-09-24,Shigella,1.92,2.8257911982687904
Uganda,Mbale,2023-09-24,Rotavirus,7.9,1.988577703515512
Uganda,Mbale,2023-10-01,Cholera,2.69,4.514552853990232
Uganda,Mbale,2023-10-01,E. coli,0.0,2.6247991738693215
Uganda,Mbale,2023-10-01,Salmonella,2.68,2.1972200155115247
Uganda,Mbale,2023-10-01,Shigella,6.13,2.8257911982687904
Uganda,Mbale,2023-10-01,Rotavirus,0.0,1.988577703515512
Uganda,Mbale,2023-10-08,Cholera,10.13,9.721905821605176
Uganda,Mbale,2023-10-08,E. coli,0.0,2.6247991738693215
Uganda,Mbale,2023-10-08,Salmonella,0.21,2.1972200155115247
Uganda,Mbale,2023-10-08,Shigella,2.27,2.8257911982687904
Uganda,Mbale,2023-10-08,Rotavirus,0.0,1.988577703515512
Uganda,Mbale,2023-10-15,Cholera,3.43,2.634936082555819
Uganda,Mbale,2023-10-15,E. coli,6.25,2.6247991738693215
Uganda,Mbale,2023-10-15,Salmonella,2.11,2.1972200155115247
Uganda,Mbale,2023-10-15,Shigella,4.0,2.8257911982687904
Uganda,Mbale,2023-10-15,Rotavirus,0.0,1.988577703515512
Uganda,Mbale,2023-10-22,Cholera,10.82,2.634936082555819
Uganda,Mbale,2023-10-22,E. coli,5.72,2.6247991738693215
Uganda,Mbale,2023-10-22,Salmonella,0.97,2.1972200155115247
Uganda,Mbale,2023-10-22,Shigella,5.46,2.8257911982687904
Uganda,Mbale,2023-10-22,Rotavirus,0.0,1.988577703515512
Uganda,Mbale,2023-10-29,Cholera,4.33,2.634936082555819
Uganda,Mbale,2023-10-29,E. coli,6.71,6.738597593447392
Uganda,Mbale,2023-10-29,Salmonella,0.0,2.1972200155115247
Uganda,Mbale,2023-10-29,Shigella,0.0,2.8257911982687904
Uganda,Mbale,2023-10-29,Rotavirus,0.0,1.988577703515512
Uganda,Mbale,2023-11-05,Cholera,0.0,2.634936082555819
Uganda,Mbale,2023-11-05,E. coli,7.94,2.6247991738693215
Uganda,Mbale,2023-11-05,Salmonella,0.0,2.1972200155115247
Uganda,Mbale,2023-11-05,Shigella,0.0,2.8257911982687904
Uganda,Mbale,2023-11-05,Rotavirus,2.16,1.988577703515512
Uganda,Mbale,2023-11-12,Cholera,3.7,2.634936082555819
Uganda,Mbale,2023-11-12,E. coli,3.04,2.6247991738693215
Uganda,Mbale,2023-11-12,Salmonella,0.0,2.1972200155115247
Uganda,Mbale,2023-11-12,Shigella,0.0,2.8257911982687904
Uganda,Mbale,2023-11-12,Rotavirus,8.42,1.988577703515512
Uganda,Mbale,2023-11-19,Cholera,4.21,2.634936082555819
Uganda,Mbale,2023-11-19,E. coli,0.12,2.6247991738693215
Uganda,Mbale,2023-11-19,Salmonella,6.76,2.1972200155115247
Uganda,Mbale,2023-11-19,Shigella,0.0,2.8257911982687904
Uganda,Mbale,2023-11-19,Rotavirus,15.96,8.298522318921426
Uganda,Mbale,2023-11-26,Cholera,3.32,2.634936082555819
Uganda,Mbale,2023-11-26,E. coli,4.74,2.6247991738693215
Uganda,Mbale,2023-11-26,Salmonella,0.0,2.1972200155115247
Uganda,Mbale,2023-11-26,Shigella,5.32,2.8257911982687904
Uganda,Mbale,2023-11-26,Rotavirus,0.0,1.988577703515512
Uganda,Mbale,2023-12-03,Cholera,4.35,2.634936082555819
Uganda,Mbale,2023-12-03,E. coli,8.07,2.6247991738693215
Uganda,Mbale,2023-12-03,Salmonella,0.0,2.1972200155115247
Uganda,Mbale,2023-12-03,Shigella,7.07,2.8257911982687904
Uganda,Mbale,2023-12-03,Rotavirus,0.0,1.988577703515512
Uganda,Mbale,2023-12-10,Cholera,3.36,2.634936082555819
Uganda,Mbale,2023-12-10,E. coli,0.0,2.6247991738693215
Uganda,Mbale,2023-12-10,Salmonella,0.0,2.1972200155115247
Uganda,Mbale,2023-12-10,Shigella,8.09,2.8257911982687904
Uganda,Mbale,2023-12-10,Rotavirus,0.0,1.988577703515512
Uganda,Mbale,2023-12-17,Cholera,0.0,2.6134004984898427
Uganda,Mbale,2023-12-17,E. coli,0.0,2.5887339206431177
Uganda,Mbale,2023-12-17,Salmonella,0.0,2.1972200155115247
Uganda,Mbale,2023-12-17,Shigella,6.55,3.0022843038741702
Uganda,Mbale,2023-12-17,Rotavirus,1.09,2.0688573428567425
Uganda,Mbale,2023-12-24,Cholera,8.24,2.795272121823732
Uganda,Mbale,2023-12-24,E. coli,1.64,2.7014410857146807
Uganda,Mbale,2023-12-24,Salmonella,3.8,2.5812776630656713
Uganda,Mbale,2023-12-24,Shigella,5.91,3.268380917421665
Uganda,Mbale,2023-12-24,Rotavirus,0.0,2.081241842817498
Kenya,Nairobi,2023-01-01,Cholera,0.0,2.1964830528605894
Kenya,Nairobi,2023-01-01,E. coli,0.66,2.1547977245975805
Kenya,Nairobi,2023-01-01,Salmonella,0.0,2.5356695693550892
Kenya,Nairobi,2023-01-01,Shigella,0.0,2.9062831586400386
Kenya,Nairobi,2023-01-01,Rotavirus,0.0,2.3995667362012405
Kenya,Nairobi,2023-01-08,Cholera,0.0,2.5306482346983405
Kenya,Nairobi,2023-01-08,E. coli,0.0,2.5837450775668422
Kenya,Nairobi,2023-01-08,Salmonella,9.48,2.568425686464335
Kenya,Nairobi,2023-01-08,Shigella,4.55,2.3840968409400265
Kenya,Nairobi,2023-01-08,Rotavirus,0.0,2.5781565492968395
Kenya,Nairobi,2023-01-15,Cholera,3.55,2.894166973684084
Kenya,Nairobi,2023-01-15,E. coli,0.0,2.7940418403698084
Kenya,Nairobi,2023-01-15,Salmonella,1.91,2.5356695693550892
Kenya,Nairobi,2023-01-15,Shigella,7.97,8.481665717533513
Kenya,Nairobi,2023-01-15,Rotavirus,0.0,2.7946204177899
Kenya,Nairobi,2023-01-22,Cholera,5.74,2.432064922471791
Kenya,Nairobi,2023-01-22,E. coli,8.2,2.8499094747805356
Kenya,Nairobi,2023-01-22,Salmonella,2.2,2.1678650740083536
Kenya,Nairobi,2023-01-22,Shigella,6.03,3.464696678483348
Kenya,Nairobi,2023-01-22,Rotavirus,0.17,2.6073552966542746
Kenya,Nairobi,2023-01-29,Cholera,3.12,2.8466997144489317
Kenya,Nairobi,2023-01-29,E. coli,0.0,2.4611565765439893
Kenya,Nairobi,2023-01-29,Salmonella,0.0,2.9266896423126787
Kenya,Nairobi,2023-01-29,Shigella,0.0,3.5247590404279827
Kenya,Nairobi,2023-01-29,Rotavirus,5.86,3.3364787233694306
Kenya,Nairobi,2023-02-05,Cholera,4.99,3.4910649416056896
Kenya,Nairobi,2023-02-05,E. coli,5.22,5.111892630721823
Kenya,Nairobi,2023-02-05,Salmonella,2.64,3.433367459628754
Kenya,Nairobi,2023-02-05,Shigella,1.0,3.0036022527457713
Kenya,Nairobi,2023-02-05,Rotavirus,6.11,3.3547525426895275
Kenya,Nairobi,2023-02-12,Cholera,11.46,2.9267203654861165
Kenya,Nairobi,2023-02-12,E. coli,0.0,3.313209928815799
Kenya,Nairobi,2023-02-12,Salmonella,3.47,4.54181625104027
Kenya,Nairobi,2023-02-12,Shigella,0.0,4.7698855179824164
Kenya,Nairobi,2023-02-12,Rotavirus,0.0,8.965955173754066
Kenya,Nairobi,2023-02-19,Cholera,0.0,2.8466997144489317
Kenya,Nairobi,2023-02-19,E. coli,1.02,3.318204796946929
Kenya,Nairobi,2023-02-19,Salmonella,1.44,4.55478605451961
Kenya,Nairobi,2023-02-19,Shigella,0.0,3.5247590404279827
Kenya,Nairobi,2023-02-19,Rotavirus,0.0,3.3414720576365666
Kenya,Nairobi,2023-02-26,Cholera,2.58,3.5057112001426276
Kenya,Nairobi,2023-02-26,E. coli,5.86,3.313209928815799
Kenya,Nairobi,2023-02-26,Salmonella,5.16,3.433367459628754
Kenya,Nairobi,2023-02-26,Shigella,4.67,2.994137552073354
Kenya,Nairobi,2023-02-26,Rotavirus,0.0,3.3364787233694306
Kenya,Nairobi,2023-03-05,Cholera,7.99,3.5057112001426276
Kenya,Nairobi,2023-03-05,E. coli,5.71,3.318204796946929
Kenya,Nairobi,2023-03-05,Salmonella,0.0,2.5949652081662773
Kenya,Nairobi,2023-03-05,Shigella,0.0,3.0036022527457713
Kenya,Nairobi,2023-03-05,Rotavirus,12.53,4.6761923333575
Kenya,Nairobi,2023-03-12,Cholera,0.0,3.436456486453184
Kenya,Nairobi,2023-03-12,E. coli,0.0,5.268192627495102
Kenya,Nairobi,2023-03-12,Salmonella,0.0,3.4589433781101984
Kenya,Nairobi,2023-03-12,Shigella,13.65,4.748384136039644
Kenya,Nairobi,2023-03-12,Rotavirus,5.38,4.777254459749867
Kenya,Nairobi,2023-03-19,Cholera,7.11,4.704519040709689
Kenya,Nairobi,2023-03-19,E. coli,9.02,9.345832332421109
Kenya,Nairobi,2023-03-19,Salmonella,0.0,4.61958134861285
Kenya,Nairobi,2023-03-19,Shigella,4.54,4.7698855179824164
Kenya,Nairobi,2023-03-19,Rotavirus,2.21,3.485427081106422
Kenya,Nairobi,2023-03-26,Cholera,7.49,4.704519040709689
Kenya,Nairobi,2023-03-26,E. coli,0.0,3.4052435256691704
Kenya,Nairobi,2023-03-26,Salmonella,6.29,4.54181625104027
Kenya,Nairobi,2023-03-26,Shigella,16.29,7.312692093814933
Kenya,Nairobi,2023-03-26,Rotavirus,0.0,4.690355374771622
Kenya,Nairobi,2023-04-02,Cholera,0.0,3.436456486453184
Kenya,Nairobi,2023-04-02,E. coli,5.68,5.111892630721823
Kenya,Nairobi,2023-04-02,Salmonella,3.41,4.55478605451961
Kenya,Nairobi,2023-04-02,Shigella,18.52,4.960586069485956
Kenya,Nairobi,2023-04-02,Rotavirus,3.25,4.6761923333575
Kenya,Nairobi,2023-04-09,Cholera,0.0,4.683017658766917
Kenya,Nairobi,2023-04-09,E. coli,7.62,5.111892630721823
Kenya,Nairobi,2023-04-09,Salmonella,1.22,4.520314869097497
Kenya,Nairobi,2023-04-09,Shigella,0.0,4.745571903060974
Kenya,Nairobi,2023-04-09,Rotavirus,0.0,4.690355374771622
Kenya,Nairobi,2023-04-16,Cholera,6.3,2.8466997144489317
Kenya,Nairobi,2023-04-16,E. coli,5.39,3.374629753543252
Kenya,Nairobi,2023-04-16,Salmonella,0.0,3.489792416225077
Kenya,Nairobi,2023-04-16,Shigella,0.19,4.927723893129042
Kenya,Nairobi,2023-04-16,Rotavirus,0.0,2.8420876770250523
Kenya,Nairobi,2023-04-23,Cholera,0.0,4.680205425788247
Kenya,Nairobi,2023-04-23,E. coli,0.0,2.8499094747805356
Kenya,Nairobi,2023-04-23,Salmonella,1.37,4.520314869097497
Kenya,Nairobi,2023-04-23,Shigella,0.0,3.498988872990872
Kenya,Nairobi,2023-04-23,Rotavirus,4.4,2.880589269330761
Kenya,Nairobi,2023-04-30,Cholera,0.0,3.380031529856862
Kenya,Nairobi,2023-04-30,E. coli,0.0,3.4052435256691704
Kenya,Nairobi,2023-04-30,Salmonella,9.96,3.542688371377581
Kenya,Nairobi,2023-04-30,Shigella,0.0,3.4032768537558957
Kenya,Nairobi,2023-04-30,Rotavirus,3.25,4.777254459749867
Kenya,Nairobi,2023-05-07,Cholera,0.0,3.380031529856862
Kenya,Nairobi,2023-05-07,E. coli,9.81,5.140305520275907
Kenya,Nairobi,2023-05-07,Salmonella,2.64,3.428372591497624
Kenya,Nairobi,2023-05-07,Shigella,8.3,3.498988872990872
Kenya,Nairobi,2023-05-07,Rotavirus,5.93,3.3547525426895275
Kenya,Nairobi,2023-05-14,Cholera,2.97,3.375036661725732
Kenya,Nairobi,2023-05-14,E. coli,6.23,3.4052435256691704
Kenya,Nairobi,2023-05-14,Salmonella,0.0,3.428372591497624
Kenya,Nairobi,2023-05-14,Shigella,0.0,2.994137552073354
Kenya,Nairobi,2023-05-14,Rotavirus,0.0,3.3547525426895275
Kenya,Nairobi,2023-05-21,Cholera,0.0,2.5542361463380034
Kenya,Nairobi,2023-05-21,E. coli,0.0,3.4647205067142215
Kenya,Nairobi,2023-05-21,Salmonella,9.14,3.542688371377581
Kenya,Nairobi,2023-05-21,Shigella,0.0,3.387955461242045
Kenya,Nairobi,2023-05-21,Rotavirus,2.41,2.8420876770250523
Kenya,Nairobi,2023-05-28,Cholera,0.0,3.375036661725732
Kenya,Nairobi,2023-05-28,E. coli,3.08,2.8499094747805356
Kenya,Nairobi,2023-05-28,Salmonella,1.93,2.5949652081662773
Kenya,Nairobi,2023-05-28,Shigella,1.58,2.994137552073354
Kenya,Nairobi,2023-05-28,Rotavirus,6.01,3.442652883303479
Kenya,Nairobi,2023-06-04,Cholera,9.04,2.8466997144489317
Kenya,Nairobi,2023-06-04,E. coli,3.63,3.4052435256691704
Kenya,Nairobi,2023-06-04,Salmonella,6.23,3.4589433781101984
Kenya,Nairobi,2023-06-04,Shigella,0.0,2.836496487861806
Kenya,Nairobi,2023-06-04,Rotavirus,2.8,2.5760766231230865
Kenya,Nairobi,2023-06-11,Cholera,4.83,2.894166973684084
Kenya,Nairobi,2023-06-11,E. coli,9.15,2.428400459434743
Kenya,Nairobi,2023-06-11,Salmonella,0.0,2.719705715124373
Kenya,Nairobi,2023-06-11,Shigella,6.06,9.34350814373543
Kenya,Nairobi,2023-06-11,Rotavirus,0.0,2.880589269330761
Kenya,Nairobi,2023-06-18,Cholera,5.67,3.3848907816716407
Kenya,Nairobi,2023-06-18,E. coli,0.0,2.4611565765439893
Kenya,Nairobi,2023-06-18,Salmonella,0.73,2.568425686464335
Kenya,Nairobi,2023-06-18,Shigella,0.0,2.8441872497533303
Kenya,Nairobi,2023-06-18,Rotavirus,1.55,2.6596846844359097
Kenya,Nairobi,2023-06-25,Cholera,2.36,2.8466997144489317
Kenya,Nairobi,2023-06-25,E. coli,4.07,2.4611565765439893
Kenya,Nairobi,2023-06-25,Salmonella,10.0,2.5636865346350883
Kenya,Nairobi,2023-06-25,Shigella,0.75,2.3840968409400265
Kenya,Nairobi,2023-06-25,Rotavirus,0.0,2.0462667317366177
Kenya,Nairobi,2023-07-02,Cholera,2.47,2.1710708164500745
Kenya,Nairobi,2023-07-02,E. coli,0.0,2.0252087301168764
Kenya,Nairobi,2023-07-02,Salmonella,0.0,2.440375348047385
Kenya,Nairobi,2023-07-02,Shigella,0.0,2.8441872497533303
Kenya,Nairobi,2023-07-02,Rotavirus,0.03,2.162712373479263
Kenya,Nairobi,2023-07-09,Cholera,0.0,2.5229574728068154
Kenya,Nairobi,2023-07-09,E. coli,0.0,2.4534658146524646
Kenya,Nairobi,2023-07-09,Salmonella,4.87,2.440375348047385
Kenya,Nairobi,2023-07-09,Shigella,5.96,2.3267768451714215
Kenya,Nairobi,2023-07-09,Rotavirus,4.87,6.573598896885332
Kenya,Nairobi,2023-07-16,Cholera,0.0,2.033609105292451
Kenya,Nairobi,2023-07-16,E. coli,0.0,1.9343934575346364
Kenya,Nairobi,2023-07-16,Salmonella,4.02,2.0208614805876373
Kenya,Nairobi,2023-07-16,Shigella,2.44,2.0988860304265646
Kenya,Nairobi,2023-07-16,Rotavirus,0.0,1.9407387600009414
Kenya,Nairobi,2023-07-23,Cholera,0.0,1.9369125842988355
Kenya,Nairobi,2023-07-23,E. coli,0.0,1.940915506844341
Kenya,Nairobi,2023-07-23,Salmonella,4.45,1.8864112954371104
Kenya,Nairobi,2023-07-23,Shigella,0.0,2.1080017295259927
Kenya,Nairobi,2023-07-23,Rotavirus,8.56,1.9407387600009414
Kenya,Nairobi,2023-07-30,Cholera,3.56,1.9369125842988355
Kenya,Nairobi,2023-07-30,E. coli,0.0,1.940915506844341
Kenya,Nairobi,2023-07-30,Salmonella,0.0,1.8864112954371104
Kenya,Nairobi,2023-07-30,Shigella,0.0,2.1080017295259927
Kenya,Nairobi,2023-07-30,Rotavirus,11.19,1.9407387600009414
Kenya,Nairobi,2023-08-06,Cholera,0.0,1.9369125842988355
Kenya,Nairobi,2023-08-06,E. coli,0.97,1.940915506844341
Kenya,Nairobi,2023-08-06,Salmonella,5.27,1.8864112954371104
Kenya,Nairobi,2023-08-06,Shigella,6.58,2.1080017295259927
Kenya,Nairobi,2023-08-06,Rotavirus,0.0,1.9407387600009414
Kenya,Nairobi,2023-08-13,Cholera,0.0,1.9369125842988355
Kenya,Nairobi,2023-08-13,E. coli,0.0,1.940915506844341
Kenya,Nairobi,2023-08-13,Salmonella,4.91,1.8864112954371104
Kenya,Nairobi,2023-08-13,Shigella,3.35,2.1080017295259927
Kenya,Nairobi,2023-08-13,Rotavirus,0.0,1.9407387600009414
Kenya,Nairobi,2023-08-20,Cholera,0.0,1.9369125842988355
Kenya,Nairobi,2023-08-20,E. coli,0.0,1.940915506844341
Kenya,Nairobi,2023-08-20,Salmonella,10.91,7.23083964251379
Kenya,Nairobi,2023-08-20,Shigella,6.86,2.1080017295259927
Kenya,Nairobi,2023-08-20,Rotavirus,2.47,1.9407387600009414
Kenya,Nairobi,2023-08-27,Cholera,4.84,1.9369125842988355
Kenya,Nairobi,2023-08-27,E. coli,1.44,1.940915506844341
Kenya,Nairobi,2023-08-27,Salmonella,0.0,1.8864112954371104
Kenya,Nairobi,2023-08-27,Shigella,0.0,2.1080017295259927
Kenya,Nairobi,2023-08-27,Rotavirus,0.14,1.9407387600009414
Kenya,Nairobi,2023-09-03,Cholera,0.0,1.9369125842988355
Kenya,Nairobi,2023-09-03,E. coli,0.0,1.940915506844341
Kenya,Nairobi,2023-09-03,Salmonella,7.24,1.8864112954371104
Kenya,Nairobi,2023-09-03,Shigella,6.22,2.1080017295259927
Kenya,Nairobi,2023-09-03,Rotavirus,1.36,1.9407387600009414
Kenya,Nairobi,2023-09-10,Cholera,0.0,1.9369125842988355
Kenya,Nairobi,2023-09-10,E. coli,9.32,1.940915506844341
Kenya,Nairobi,2023-09-10,Salmonella,8.8,6.982376281140102
Kenya,Nairobi,2023-09-10,Shigella,0.0,2.1080017295259927
Kenya,Nairobi,2023-09-10,Rotavirus,4.15,1.9407387600009414
Kenya,Nairobi,2023-09-17,Cholera,0.0,1.9369125842988355
Kenya,Nairobi,2023-09-17,E. coli,13.08,9.269892958237678
Kenya,Nairobi,2023-09-17,Salmonella,0.0,1.8864112954371104
Kenya,Nairobi,2023-09-17,Shigella,6.01,2.1080017295259927
Kenya,Nairobi,2023-09-17,Rotavirus,4.38,1.9407387600009414
Kenya,Nairobi,2023-09-24,Cholera,6.83,1.9369125842988355
Kenya,Nairobi,2023-09-24,E. coli,2.77,1.940915506844341
Kenya,Nairobi,2023-09-24,Salmonella,0.0,1.8864112954371104
Kenya,Nairobi,2023-09-24,Shigella,1.46,2.1080017295259927
Kenya,Nairobi,2023-09-24,Rotavirus,11.49,8.679013825261821
Kenya,Nairobi,2023-10-01,Cholera,0.0,1.9369125842988355
Kenya,Nairobi,2023-10-01,E. coli,1.97,1.940915506844341
Kenya,Nairobi,2023-10-01,Salmonella,0.0,1.8864112954371104
Kenya,Nairobi,2023-10-01,Shigella,0.0,2.1080017295259927
Kenya,Nairobi,2023-10-01,Rotavirus,0.0,1.9407387600009414
Kenya,Nairobi,2023-10-08,Cholera,0.0,1.9369125842988355
Kenya,Nairobi,2023-10-08,E. coli,5.47,1.940915506844341
Kenya,Nairobi,2023-10-08,Salmonella,3.79,1.8864112954371104
Kenya,Nairobi,2023-10-08,Shigella,1.33,2.1080017295259927
Kenya,Nairobi,2023-10-08,Rotavirus,1.72,1.9407387600009414
Kenya,Nairobi,2023-10-15,Cholera,0.0,1.9369125842988355
Kenya,Nairobi,2023-10-15,E. coli,0.76,1.940915506844341
Kenya,Nairobi,2023-10-15,Salmonella,0.0,1.8864112954371104
Kenya,Nairobi,2023-10-15,Shigella,10.18,2.1080017295259927
Kenya,Nairobi,2023-10-15,Rotavirus,1.79,1.9407387600009414
Kenya,Nairobi,2023-10-22,Cholera,0.0,1.9369125842988355
Kenya,Nairobi,2023-10-22,E. coli,0.0,1.940915506844341
Kenya,Nairobi,2023-10-22,Salmonella,0.0,1.8864112954371104
Kenya,Nairobi,2023-10-22,Shigella,0.0,2.1080017295259927
Kenya,Nairobi,2023-10-22,Rotavirus,2.28,7.64781167319323
Kenya,Nairobi,2023-10-29,Cholera,0.0,1.9369125842988355
Kenya,Nairobi,2023-10-29,E. coli,2.32,1.940915506844341
Kenya,Nairobi,2023-10-29,Salmonella,6.12,1.8864112954371104
Kenya,Nairobi,2023-10-29,Shigella,0.0,2.1080017295259927
Kenya,Nairobi,2023-10-29,Rotavirus,0.0,1.9407387600009414
Kenya,Nairobi,2023-11-05,Cholera,5.04,1.9369125842988355
Kenya,Nairobi,2023-11-05,E. coli,0.0,1.940915506844341
Kenya,Nairobi,2023-11-05,Salmonella,1.01,1.8864112954371104
Kenya,Nairobi,2023-11-05,Shigella,3.83,2.1080017295259927
Kenya,Nairobi,2023-11-05,Rotavirus,3.29,4.6761923333575
Kenya,Nairobi,2023-11-12,Cholera,0.0,1.9369125842988355
Kenya,Nairobi,2023-11-12,E. coli,4.79,1.940915506844341
Kenya,Nairobi,2023-11-12,Salmonella,5.64,1.8864112954371104
Kenya,Nairobi,2023-11-12,Shigella,0.0,2.1080017295259927
Kenya,Nairobi,2023-11-12,Rotavirus,4.89,1.9407387600009414
Kenya,Nairobi,2023-11-19,Cholera,0.0,1.9369125842988355
Kenya,Nairobi,2023-11-19,E. coli,0.14,1.940915506844341
Kenya,Nairobi,2023-11-19,Salmonella,0.0,1.8864112954371104
Kenya,Nairobi,2023-11-19,Shigella,3.04,2.1080017295259927
Kenya,Nairobi,2023-11-19,Rotavirus,11.62,1.9407387600009414
Kenya,Nairobi,2023-11-26,Cholera,0.0,1.9369125842988355
Kenya,Nairobi,2023-11-26,E. coli,6.17,1.940915506844341
Kenya,Nairobi,2023-11-26,Salmonella,0.0,1.8864112954371104
Kenya,Nairobi,2023-11-26,Shigella,0.0,2.1080017295259927
Kenya,Nairobi,2023-11-26,Rotavirus,0.0,1.9407387600009414
Kenya,Nairobi,2023-12-03,Cholera,6.96,1.9369125842988355
Kenya,Nairobi,2023-12-03,E. coli,0.56,1.940915506844341
Kenya,Nairobi,2023-12-03,Salmonella,0.0,1.8864112954371104
Kenya,Nairobi,2023-12-03,Shigella,0.0,2.1080017295259927
Kenya,Nairobi,2023-12-03,Rotavirus,3.45,1.9407387600009414
Kenya,Nairobi,2023-12-10,Cholera,0.0,1.9369125842988355
Kenya,Nairobi,2023-12-10,E. coli,10.62,7.91109404487328
Kenya,Nairobi,2023-12-10,Salmonella,0.0,1.8864112954371104
Kenya,Nairobi,2023-12-10,Shigella,3.87,2.1080017295259927
Kenya,Nairobi,2023-12-10,Rotavirus,3.09,1.9407387600009414
Kenya,Nairobi,2023-12-17,Cholera,2.97,2.033609105292451
Kenya,Nairobi,2023-12-17,E. coli,1.69,2.0252087301168764
Kenya,Nairobi,2023-12-17,Salmonella,0.0,1.9098090139102353
Kenya,Nairobi,2023-12-17,Shigella,0.0,2.1791532468110693
Kenya,Nairobi,2023-12-17,Rotavirus,0.0,1.9407387600009414
Kenya,Nairobi,2023-12-24,Cholera,0.0,2.033609105292451
Kenya,Nairobi,2023-12-24,E. coli,3.67,2.428400459434743
Kenya,Nairobi,2023-12-24,Salmonella,2.3,2.1807432075862603
Kenya,Nairobi,2023-12-24,Shigella,0.0,2.3267768451714215
Kenya,Nairobi,2023-12-24,Rotavirus,4.39,2.0462667317366177
Kenya,Kisumu,2023-01-01,Cholera,1.73,2.7008052791376973
Kenya,Kisumu,2023-01-01,E. coli,0.0,2.6313136209833465
Kenya,Kisumu,2023-01-01,Salmonella,9.4,2.0992172317911924
Kenya,Kisumu,2023-01-01,Shigella,10.66,3.0793119487722085
Kenya,Kisumu,2023-01-01,Rotavirus,0.0,2.064723023319265
Kenya,Kisumu,2023-01-08,Cholera,3.13,2.7168233106391018
Kenya,Kisumu,2023-01-08,E. coli,1.19,2.6313136209833465
Kenya,Kisumu,2023-01-08,Salmonella,2.28,2.7101671076903076
Kenya,Kisumu,2023-01-08,Shigella,0.0,2.1492297721239524
Kenya,Kisumu,2023-01-08,Rotavirus,1.18,2.064723023319265
Kenya,Kisumu,2023-01-15,Cholera,0.49,2.6553971806688845
Kenya,Kisumu,2023-01-15,E. coli,0.0,3.2910579540501397
Kenya,Kisumu,2023-01-15,Salmonella,0.0,2.6774614493908913
Kenya,Kisumu,2023-01-15,Shigella,2.53,3.0793119487722085
Kenya,Kisumu,2023-01-15,Rotavirus,0.0,2.7461274732918515
Kenya,Kisumu,2023-01-22,Cholera,4.29,2.4906495889767015
Kenya,Kisumu,2023-01-22,E. coli,6.46,2.6313136209833465
Kenya,Kisumu,2023-01-22,Salmonella,1.92,3.009989497916344
Kenya,Kisumu,2023-01-22,Shigella,0.0,3.393080251027279
Kenya,Kisumu,2023-01-22,Rotavirus,2.92,3.3241667276809044
Kenya,Kisumu,2023-01-29,Cholera,5.3,2.98117404556052
Kenya,Kisumu,2023-01-29,E. coli,5.02,2.886206230836438
Kenya,Kisumu,2023-01-29,Salmonella,0.0,2.6774614493908913
Kenya,Kisumu,2023-01-29,Shigella,5.71,3.244689441826355
Kenya,Kisumu,2023-01-29,Rotavirus,11.0,9.284721877210693
Kenya,Kisumu,2023-02-05,Cholera,0.0,2.98117404556052
Kenya,Kisumu,2023-02-05,E. coli,4.96,3.2972732541064933
Kenya,Kisumu,2023-02-05,Salmonella,6.51,3.5596832966191174
Kenya,Kisumu,2023-02-05,Shigella,2.66,3.4617558446039145
Kenya,Kisumu,2023-02-05,Rotavirus,8.76,3.317454905042634
Kenya,Kisumu,2023-02-12,Cholera,2.69,3.2700138098280807
Kenya,Kisumu,2023-02-12,E. coli,6.34,3.197111108279027
Kenya,Kisumu,2023-02-12,Salmonella,13.92,3.429450175119952
Kenya,Kisumu,2023-02-12,Shigella,1.45,3.609544506366386
Kenya,Kisumu,2023-02-12,Rotavirus,4.27,3.3241667276809044
Kenya,Kisumu,2023-02-19,Cholera,0.0,2.7168233106391018
Kenya,Kisumu,2023-02-19,E. coli,10.17,2.886206230836438
Kenya,Kisumu,2023-02-19,Salmonella,3.72,3.429450175119952
Kenya,Kisumu,2023-02-19,Shigella,9.35,3.4618123654152457
Kenya,Kisumu,2023-02-19,Rotavirus,0.29,3.3400245877101242
Kenya,Kisumu,2023-02-26,Cholera,0.0,3.2700138098280807
Kenya,Kisumu,2023-02-26,E. coli,4.09,3.456720832570208
Kenya,Kisumu,2023-02-26,Salmonella,0.0,3.446014583840137
Kenya,Kisumu,2023-02-26,Shigella,5.22,4.677920861232867
Kenya,Kisumu,2023-02-26,Rotavirus,15.7,8.831192797554817
Kenya,Kisumu,2023-03-05,Cholera,2.35,4.835976139365393
Kenya,Kisumu,2023-03-05,E. coli,4.62,5.310583645349871
Kenya,Kisumu,2023-03-05,Salmonella,13.34,15.52773372814368
Kenya,Kisumu,2023-03-05,Shigella,0.66,3.4617558446039145
Kenya,Kisumu,2023-03-05,Rotavirus,0.0,3.3400245877101242
Kenya,Kisumu,2023-03-12,Cholera,0.0,4.730197417936737
Kenya,Kisumu,2023-03-12,E. coli,2.53,3.2972732541064933
Kenya,Kisumu,2023-03-12,Salmonella,4.51,4.577720315961207
Kenya,Kisumu,2023-03-12,Shigella,0.0,3.4617558446039145
Kenya,Kisumu,2023-03-12,Rotavirus,9.8,3.3241667276809044
Kenya,Kisumu,2023-03-19,Cholera,8.62,4.835976139365393
Kenya,Kisumu,2023-03-19,E. coli,4.01,3.2972732541064933
Kenya,Kisumu,2023-03-19,Salmonella,10.6,3.059572379845371
Kenya,Kisumu,2023-03-19,Shigella,7.5,6.330003334596605
Kenya,Kisumu,2023-03-19,Rotavirus,6.8,4.69253432550599
Kenya,Kisumu,2023-03-26,Cholera,2.03,3.370175955655547
Kenya,Kisumu,2023-03-26,E. coli,0.0,3.2910579540501397
Kenya,Kisumu,2023-03-26,Salmonella,2.77,4.696500630451778
Kenya,Kisumu,2023-03-26,Shigella,7.1,3.5998488110884184
Kenya,Kisumu,2023-03-26,Rotavirus,10.45,4.653551796579897
Kenya,Kisumu,2023-04-02,Cholera,10.21,4.876774453297483
Kenya,Kisumu,2023-04-02,E. coli,2.7,5.232470173672014
Kenya,Kisumu,2023-04-02,Salmonella,0.0,3.433744504603352
Kenya,Kisumu,2023-04-02,Shigella,3.84,4.653798771626003
Kenya,Kisumu,2023-04-02,Rotavirus,0.0,4.73347954207926
Kenya,Kisumu,2023-04-09,Cholera,0.0,2.98117404556052
Kenya,Kisumu,2023-04-09,E. coli,8.46,7.807106803159845
Kenya,Kisumu,2023-04-09,Salmonella,8.04,4.626448600549266
Kenya,Kisumu,2023-04-09,Shigella,9.03,3.5998488110884184
Kenya,Kisumu,2023-04-09,Rotavirus,0.0,3.4659633797258884
Kenya,Kisumu,2023-04-16,Cholera,12.52,3.483844668434527
Kenya,Kisumu,2023-04-16,E. coli,8.26,5.116781065116989
Kenya,Kisumu,2023-04-16,Salmonella,5.46,3.590925069024492
Kenya,Kisumu,2023-04-16,Shigella,0.0,4.806722423394971
Kenya,Kisumu,2023-04-16,Rotavirus,0.0,3.3400245877101242
Kenya,Kisumu,2023-04-23,Cholera,0.0,2.938864104915562
Kenya,Kisumu,2023-04-23,E. coli,2.3,3.2867636245667398
Kenya,Kisumu,2023-04-23,Salmonella,4.73,3.446014583840137
Kenya,Kisumu,2023-04-23,Shigella,6.26,3.609544506366386
Kenya,Kisumu,2023-04-23,Rotavirus,0.0,4.6857135409316095
Kenya,Kisumu,2023-04-30,Cholera,5.67,3.483844668434527
Kenya,Kisumu,2023-04-30,E. coli,0.0,2.9299494604566494
Kenya,Kisumu,2023-04-30,Salmonella,8.11,4.516796755766108
Kenya,Kisumu,2023-04-30,Shigella,8.96,8.594925900712244
Kenya,Kisumu,2023-04-30,Rotavirus,12.1,4.5997898850997
Kenya,Kisumu,2023-05-07,Cholera,0.0,3.5027327154573027
Kenya,Kisumu,2023-05-07,E. coli,0.0,3.2867636245667398
Kenya,Kisumu,2023-05-07,Salmonella,11.69,9.64336950679914
Kenya,Kisumu,2023-05-07,Shigella,6.17,3.4739100190726533
Kenya,Kisumu,2023-05-07,Rotavirus,5.71,4.69253432550599
Kenya,Kisumu,2023-05-14,Cholera,0.0,3.3536115469353627
Kenya,Kisumu,2023-05-14,E. coli,0.0,3.456720832570208
Kenya,Kisumu,2023-05-14,Salmonella,1.12,3.433744504603352
Kenya,Kisumu,2023-05-14,Shigella,2.53,3.4739100190726533
Kenya,Kisumu,2023-05-14,Rotavirus,8.01,3.3241667276809044
Kenya,Kisumu,2023-05-21,Cholera,0.43,3.3536115469353627
Kenya,Kisumu,2023-05-21,E. coli,0.0,2.81010042132529
Kenya,Kisumu,2023-05-21,Salmonella,2.87,2.7232335291294327
Kenya,Kisumu,2023-05-21,Shigella,11.13,3.4618123654152457
Kenya,Kisumu,2023-05-21,Rotavirus,0.0,2.9133188661826637
Kenya,Kisumu,2023-05-28,Cholera,5.39,2.7168233106391018
Kenya,Kisumu,2023-05-28,E. coli,2.66,2.9299494604566494
Kenya,Kisumu,2023-05-28,Salmonella,1.26,3.3458524380126717
Kenya,Kisumu,2023-05-28,Shigella,0.06,4.653798771626003
Kenya,Kisumu,2023-05-28,Rotavirus,0.0,2.961577007331299
Kenya,Kisumu,2023-06-04,Cholera,7.75,3.370175955655547
Kenya,Kisumu,2023-06-04,E. coli,2.3,3.2867636245667398
Kenya,Kisumu,2023-06-04,Salmonella,0.0,3.433744504603352
Kenya,Kisumu,2023-06-04,Shigella,5.76,3.3606123498606446
Kenya,Kisumu,2023-06-04,Rotavirus,0.0,2.9133188661826637
Kenya,Kisumu,2023-06-11,Cholera,0.0,2.98117404556052
Kenya,Kisumu,2023-06-11,E. coli,10.26,2.6313136209833465
Kenya,Kisumu,2023-06-11,Salmonella,9.53,2.7101671076903076
Kenya,Kisumu,2023-06-11,Shigella,3.15,3.4618123654152457
Kenya,Kisumu,2023-06-11,Rotavirus,0.0,2.7565346690754837
Kenya,Kisumu,2023-06-18,Cholera,5.93,2.6710512309005594
Kenya,Kisumu,2023-06-18,E. coli,1.68,2.6473316524847514
Kenya,Kisumu,2023-06-18,Salmonella,0.0,2.7101671076903076
Kenya,Kisumu,2023-06-18,Shigella,14.0,3.356981919983494
Kenya,Kisumu,2023-06-18,Rotavirus,0.0,2.7565346690754837
Kenya,Kisumu,2023-06-25,Cholera,6.35,2.1259398163381764
Kenya,Kisumu,2023-06-25,E. coli,7.39,9.226743216524245
Kenya,Kisumu,2023-06-25,Salmonella,0.0,2.6774614493908913
Kenya,Kisumu,2023-06-25,Shigella,0.62,3.252733405810511
Kenya,Kisumu,2023-06-25,Rotavirus,0.04,2.70521473163298
Kenya,Kisumu,2023-07-02,Cholera,3.32,2.4906495889767015
Kenya,Kisumu,2023-07-02,E. coli,4.34,2.5859055225145333
Kenya,Kisumu,2023-07-02,Salmonella,1.25,2.7101671076903076
Kenya,Kisumu,2023-07-02,Shigella,0.0,2.2861546008063893
Kenya,Kisumu,2023-07-02,Rotavirus,0.0,2.064723023319265
Kenya,Kisumu,2023-07-09,Cholera,1.97,2.0151413193029124
Kenya,Kisumu,2023-07-09,E. coli,0.0,2.109666724485683
Kenya,Kisumu,2023-07-09,Salmonella,0.0,1.8573685970788647
Kenya,Kisumu,2023-07-09,Shigella,7.46,2.110764200685904
Kenya,Kisumu,2023-07-09,Rotavirus,4.1,2.170161841246947
Kenya,Kisumu,2023-07-16,Cholera,0.0,1.9511307441563253
Kenya,Kisumu,2023-07-16,E. coli,4.94,1.9636861729674948
Kenya,Kisumu,2023-07-16,Salmonella,2.04,1.908355339942234
Kenya,Kisumu,2023-07-16,Shigella,0.0,2.110764200685904
Kenya,Kisumu,2023-07-16,Rotavirus,0.0,2.064723023319265
Kenya,Kisumu,2023-07-23,Cholera,4.01,1.9511307441563253
Kenya,Kisumu,2023-07-23,E. coli,0.16,1.9636861729674948
Kenya,Kisumu,2023-07-23,Salmonella,1.38,1.8573685970788647
Kenya,Kisumu,2023-07-23,Shigella,2.58,2.110764200685904
Kenya,Kisumu,2023-07-23,Rotavirus,0.0,1.875900343932768
Kenya,Kisumu,2023-07-30,Cholera,0.28,1.9511307441563253
Kenya,Kisumu,2023-07-30,E. coli,0.0,1.9636861729674948
Kenya,Kisumu,2023-07-30,Salmonella,0.0,1.8573685970788647
Kenya,Kisumu,2023-07-30,Shigella,2.84,2.110764200685904
Kenya,Kisumu,2023-07-30,Rotavirus,0.73,1.875900343932768
Kenya,Kisumu,2023-08-06,Cholera,6.99,1.9511307441563253
Kenya,Kisumu,2023-08-06,E. coli,9.6,1.9636861729674948
Kenya,Kisumu,2023-08-06,Salmonella,2.66,1.8573685970788647
Kenya,Kisumu,2023-08-06,Shigella,0.0,2.110764200685904
Kenya,Kisumu,2023-08-06,Rotavirus,0.0,1.875900343932768
Kenya,Kisumu,2023-08-13,Cholera,0.0,1.9511307441563253
Kenya,Kisumu,2023-08-13,E. coli,7.35,1.9636861729674948
Kenya,Kisumu,2023-08-13,Salmonella,0.0,1.8573685970788647
Kenya,Kisumu,2023-08-13,Shigella,7.58,2.110764200685904
Kenya,Kisumu,2023-08-13,Rotavirus,4.23,1.875900343932768
Kenya,Kisumu,2023-08-20,Cholera,2.55,1.9511307441563253
Kenya,Kisumu,2023-08-20,E. coli,10.59,1.9636861729674948
Kenya,Kisumu,2023-08-20,Salmonella,0.0,1.8573685970788647
Kenya,Kisumu,2023-08-20,Shigella,0.0,2.110764200685904
Kenya,Kisumu,2023-08-20,Rotavirus,7.62,6.020667060530681
Kenya,Kisumu,2023-08-27,Cholera,3.43,6.364815591265675
Kenya,Kisumu,2023-08-27,E. coli,0.41,1.9636861729674948
Kenya,Kisumu,2023-08-27,Salmonella,4.16,1.8573685970788647
Kenya,Kisumu,2023-08-27,Shigella,2.24,2.110764200685904
Kenya,Kisumu,2023-08-27,Rotavirus,0.0,1.875900343932768
Kenya,Kisumu,2023-09-03,Cholera,0.0,1.9511307441563253
Kenya,Kisumu,2023-09-03,E. coli,0.0,1.9636861729674948
Kenya,Kisumu,2023-09-03,Salmonella,3.88,1.8573685970788647
Kenya,Kisumu,2023-09-03,Shigella,0.74,2.110764200685904
Kenya,Kisumu,2023-09-03,Rotavirus,0.0,1.875900343932768
Kenya,Kisumu,2023-09-10,Cholera,5.09,1.9511307441563253
Kenya,Kisumu,2023-09-10,E. coli,0.0,1.9636861729674948
Kenya,Kisumu,2023-09-10,Salmonella,0.0,1.8573685970788647
Kenya,Kisumu,2023-09-10,Shigella,0.4,2.110764200685904
Kenya,Kisumu,2023-09-10,Rotavirus,0.0,1.875900343932768
Kenya,Kisumu,2023-09-17,Cholera,5.82,1.9511307441563253
Kenya,Kisumu,2023-09-17,E. coli,0.0,1.9636861729674948
Kenya,Kisumu,2023-09-17,Salmonella,0.0,1.8573685970788647
Kenya,Kisumu,2023-09-17,Shigella,0.0,2.110764200685904
Kenya,Kisumu,2023-09-17,Rotavirus,2.3,1.875900343932768
Kenya,Kisumu,2023-09-24,Cholera,0.0,1.9511307441563253
Kenya,Kisumu,2023-09-24,E. coli,0.0,1.9636861729674948
Kenya,Kisumu,2023-09-24,Salmonella,0.0,1.8573685970788647
Kenya,Kisumu,2023-09-24,Shigella,10.53,2.110764200685904
Kenya,Kisumu,2023-09-24,Rotavirus,0.0,1.875900343932768
Kenya,Kisumu,2023-10-01,Cholera,0.0,1.9511307441563253
Kenya,Kisumu,2023-10-01,E. coli,3.22,6.9419861822354365
Kenya,Kisumu,2023-10-01,Salmonella,0.0,1.8573685970788647
Kenya,Kisumu,2023-10-01,Shigella,2.05,2.110764200685904
Kenya,Kisumu,2023-10-01,Rotavirus,2.64,1.875900343932768
Kenya,Kisumu,2023-10-08,Cholera,0.0,1.9511307441563253
Kenya,Kisumu,2023-10-08,E. coli,0.0,1.9636861729674948
Kenya,Kisumu,2023-10-08,Salmonella,0.0,1.8573685970788647
Kenya,Kisumu,2023-10-08,Shigella,7.66,2.110764200685904
Kenya,Kisumu,2023-10-08,Rotavirus,4.14,1.875900343932768
Kenya,Kisumu,2023-10-15,Cholera,3.51,1.9511307441563253
Kenya,Kisumu,2023-10-15,E. coli,0.0,1.9636861729674948
Kenya,Kisumu,2023-10-15,Salmonella,0.0,1.8573685970788647
Kenya,Kisumu,2023-10-15,Shigella,0.0,2.110764200685904
Kenya,Kisumu,2023-10-15,Rotavirus,5.81,1.875900343932768
Kenya,Kisumu,2023-10-22,Cholera,0.0,1.9511307441563253
Kenya,Kisumu,2023-10-22,E. coli,9.94,1.9636861729674948
Kenya,Kisumu,2023-10-22,Salmonella,0.62,1.8573685970788647
Kenya,Kisumu,2023-10-22,Shigella,9.48,2.110764200685904
Kenya,Kisumu,2023-10-22,Rotavirus,5.93,1.875900343932768
Kenya,Kisumu,2023-10-29,Cholera,0.0,1.9511307441563253
Kenya,Kisumu,2023-10-29,E. coli,0.0,1.9636861729674948
Kenya,Kisumu,2023-10-29,Salmonella,2.07,1.8573685970788647
Kenya,Kisumu,2023-10-29,Shigella,0.0,2.110764200685904
Kenya,Kisumu,2023-10-29,Rotavirus,3.18,1.875900343932768
Kenya,Kisumu,2023-11-05,Cholera,12.54,1.9511307441563253
Kenya,Kisumu,2023-11-05,E. coli,8.7,1.9636861729674948
Kenya,Kisumu,2023-11-05,Salmonella,12.13,1.8573685970788647
Kenya,Kisumu,2023-11-05,Shigella,2.53,4.815049989203904
Kenya,Kisumu,2023-11-05,Rotavirus,0.0,1.875900343932768
Kenya,Kisumu,2023-11-12,Cholera,0.0,1.9511307441563253
Kenya,Kisumu,2023-11-12,E. coli,3.14,1.9636861729674948
Kenya,Kisumu,2023-11-12,Salmonella,8.1,1.8573685970788647
Kenya,Kisumu,2023-11-12,Shigella,1.15,2.110764200685904
Kenya,Kisumu,2023-11-12,Rotavirus,0.0,1.875900343932768
Kenya,Kisumu,2023-11-19,Cholera,2.65,1.9511307441563253
Kenya,Kisumu,2023-11-19,E. coli,0.0,1.9636861729674948
Kenya,Kisumu,2023-11-19,Salmonella,0.0,1.8573685970788647
Kenya,Kisumu,2023-11-19,Shigella,5.92,2.110764200685904
Kenya,Kisumu,2023-11-19,Rotavirus,0.0,1.875900343932768
Kenya,Kisumu,2023-11-26,Cholera,0.42,1.9511307441563253
Kenya,Kisumu,2023-11-26,E. coli,1.37,1.9636861729674948
Kenya,Kisumu,2023-11-26,Salmonella,0.0,1.8573685970788647
Kenya,Kisumu,2023-11-26,Shigella,0.0,2.110764200685904
Kenya,Kisumu,2023-11-26,Rotavirus,2.72,1.875900343932768
Kenya,Kisumu,2023-12-03,Cholera,0.0,1.9511307441563253
Kenya,Kisumu,2023-12-03,E. coli,5.16,1.9636861729674948
Kenya,Kisumu,2023-12-03,Salmonella,0.0,1.8573685970788647
Kenya,Kisumu,2023-12-03,Shigella,0.0,2.110764200685904
Kenya,Kisumu,2023-12-03,Rotavirus,0.0,1.875900343932768
Kenya,Kisumu,2023-12-10,Cholera,2.54,1.9511307441563253
Kenya,Kisumu,2023-12-10,E. coli,1.38,1.9636861729674948
Kenya,Kisumu,2023-12-10,Salmonella,0.0,1.8573685970788647
Kenya,Kisumu,2023-12-10,Shigella,0.0,2.110764200685904
Kenya,Kisumu,2023-12-10,Rotavirus,0.0,1.875900343932768
Kenya,Kisumu,2023-12-17,Cholera,0.0,2.1259398163381764
Kenya,Kisumu,2023-12-17,E. coli,0.0,2.109666724485683
Kenya,Kisumu,2023-12-17,Salmonella,0.0,2.0992172317911924
Kenya,Kisumu,2023-12-17,Shigella,0.0,2.1492297721239524
Kenya,Kisumu,2023-12-17,Rotavirus,0.0,1.948742369821416
Kenya,Kisumu,2023-12-24,Cholera,2.22,2.1259398163381764
Kenya,Kisumu,2023-12-24,E. coli,0.0,2.0067409441273374
Kenya,Kisumu,2023-12-24,Salmonella,5.22,2.191095768852487
Kenya,Kisumu,2023-12-24,Shigella,0.0,2.427150633481224
Kenya,Kisumu,2023-12-24,Rotavirus,0.0,1.948742369821416
Kenya,Mombasa,2023-01-01,Cholera,0.0,2.332294198094713
Kenya,Mombasa,2023-01-01,E. coli,0.81,2.2137461187818928
Kenya,Mombasa,2023-01-01,Salmonella,0.02,2.8304493334305136
Kenya,Mombasa,2023-01-01,Shigella,8.6,3.2092734337978506
Kenya,Mombasa,2023-01-01,Rotavirus,7.74,2.823154379259797
Kenya,Mombasa,2023-01-08,Cholera,3.07,3.52882807391908
Kenya,Mombasa,2023-01-08,E. coli,0.41,2.2137461187818928
Kenya,Mombasa,2023-01-08,Salmonella,10.15,3.243616378323332
Kenya,Mombasa,2023-01-08,Shigella,2.13,3.15381536548285
Kenya,Mombasa,2023-01-08,Rotavirus,5.71,2.823154379259797
Kenya,Mombasa,2023-01-15,Cholera,7.24,2.9430276770565253
Kenya,Mombasa,2023-01-15,E. coli,0.0,2.760244687106704
Kenya,Mombasa,2023-01-15,Salmonella,6.59,3.3048363061720822
Kenya,Mombasa,2023-01-15,Shigella,9.08,3.164393655704442
Kenya,Mombasa,2023-01-15,Rotavirus,0.29,2.89192700095367
Kenya,Mombasa,2023-01-22,Cholera,1.6,3.1680254297669936
Kenya,Mombasa,2023-01-22,E. coli,1.99,2.2137461187818928
Kenya,Mombasa,2023-01-22,Salmonella,6.51,3.3048363061720822
Kenya,Mombasa,2023-01-22,Shigella,7.35,8.557970700018666
Kenya,Mombasa,2023-01-22,Rotavirus,7.51,3.4996873074828985
Kenya,Mombasa,2023-01-29,Cholera,0.0,3.5969349838740463
Kenya,Mombasa,2023-01-29,E. coli,0.0,2.891244117325491
Kenya,Mombasa,2023-01-29,Salmonella,0.0,2.8390981738136656
Kenya,Mombasa,2023-01-29,Shigella,0.0,3.6054457999865956
Kenya,Mombasa,2023-01-29,Rotavirus,3.9,3.1593486525725583
Kenya,Mombasa,2023-02-05,Cholera,0.73,3.1680254297669936
Kenya,Mombasa,2023-02-05,E. coli,9.83,3.619823255193646
Kenya,Mombasa,2023-02-05,Salmonella,3.52,3.814652981923116
Kenya,Mombasa,2023-02-05,Shigella,0.8,3.3770422457424
Kenya,Mombasa,2023-02-05,Rotavirus,4.71,2.89192700095367
Kenya,Mombasa,2023-02-12,Cholera,3.31,3.5969349838740463
Kenya,Mombasa,2023-02-12,E. coli,0.0,2.7026307588345646
Kenya,Mombasa,2023-02-12,Salmonella,6.19,3.7026228709116342
Kenya,Mombasa,2023-02-12,Shigella,1.76,3.3727718689022623
Kenya,Mombasa,2023-02-12,Rotavirus,0.0,3.2192438396409164
Kenya,Mombasa,2023-02-19,Cholera,6.14,3.1680254297669936
Kenya,Mombasa,2023-02-19,E. coli,1.13,2.7515958467235526
Kenya,Mombasa,2023-02-19,Salmonella,0.0,3.814652981923116
Kenya,Mombasa,2023-02-19,Shigella,0.07,3.6054457999865956
Kenya,Mombasa,2023-02-19,Rotavirus,4.3,3.5776468035197784
Kenya,Mombasa,2023-02-26,Cholera,13.33,3.5969349838740463
Kenya,Mombasa,2023-02-26,E. coli,0.0,5.236462689016998
Kenya,Mombasa,2023-02-26,Salmonella,0.0,3.3048363061720822
Kenya,Mombasa,2023-02-26,Shigella,0.29,3.3727718689022623
Kenya,Mombasa,2023-02-26,Rotavirus,13.64,4.787403593994723
Kenya,Mombasa,2023-03-05,Cholera,4.03,3.7416217394670372
Kenya,Mombasa,2023-03-05,E. coli,9.97,5.236462689016998
Kenya,Mombasa,2023-03-05,Salmonella,0.0,4.7775273122312925
Kenya,Mombasa,2023-03-05,Shigella,2.7,3.6867491853241012
Kenya,Mombasa,2023-03-05,Rotavirus,0.57,3.5776468035197784
Kenya,Mombasa,2023-03-12,Cholera,0.0,2.821087504877903
Kenya,Mombasa,2023-03-12,E. coli,5.37,5.41123699379605
Kenya,Mombasa,2023-03-12,Salmonella,5.29,3.7026228709116342
Kenya,Mombasa,2023-03-12,Shigella,0.65,3.736797523930207
Kenya,Mombasa,2023-03-12,Rotavirus,2.51,3.7406089122968598
Kenya,Mombasa,2023-03-19,Cholera,4.33,4.936629487811573
Kenya,Mombasa,2023-03-19,E. coli,0.0,5.289358118253619
Kenya,Mombasa,2023-03-19,Salmonella,4.44,4.736728998299201
Kenya,Mombasa,2023-03-19,Shigella,7.21,9.298939903758905
Kenya,Mombasa,2023-03-19,Rotavirus,8.71,3.671354198607417
Kenya,Mombasa,2023-03-26,Cholera,3.79,4.9341371517526476
Kenya,Mombasa,2023-03-26,E. coli,11.09,5.289358118253619
Kenya,Mombasa,2023-03-26,Salmonella,9.72,3.7026228709116342
Kenya,Mombasa,2023-03-26,Shigella,6.95,4.977427801743664
Kenya,Mombasa,2023-03-26,Rotavirus,8.55,3.2192438396409164
Kenya,Mombasa,2023-04-02,Cholera,9.51,8.980186130534253
Kenya,Mombasa,2023-04-02,E. coli,8.71,3.62300218808831
Kenya,Mombasa,2023-04-02,Salmonella,6.66,4.6777752731945474
Kenya,Mombasa,2023-04-02,Shigella,6.63,3.15381536548285
Kenya,Mombasa,2023-04-02,Rotavirus,7.32,3.7406089122968598
Kenya,Mombasa,2023-04-09,Cholera,0.0,3.5998108301598135
Kenya,Mombasa,2023-04-09,E. coli,4.45,5.196463977210916
Kenya,Mombasa,2023-04-09,Salmonella,0.01,4.725909096431344
Kenya,Mombasa,2023-04-09,Shigella,4.9,8.603333895048019
Kenya,Mombasa,2023-04-09,Rotavirus,5.12,4.845865949405998
Kenya,Mombasa,2023-04-16,Cholera,3.48,4.80156725993279
Kenya,Mombasa,2023-04-16,E. coli,6.12,3.619823255193646
Kenya,Mombasa,2023-04-16,Salmonella,5.1,3.814652981923116
Kenya,Mombasa,2023-04-16,Shigella,2.34,4.797602485132875
Kenya,Mombasa,2023-04-16,Rotavirus,4.52,4.867782890525439
Kenya,Mombasa,2023-04-23,Cholera,0.99,4.936629487811573
Kenya,Mombasa,2023-04-23,E. coli,7.01,3.5488404989529116
Kenya,Mombasa,2023-04-23,Salmonella,7.62,4.651133797994464
Kenya,Mombasa,2023-04-23,Shigella,0.75,3.6745950108553624
Kenya,Mombasa,2023-04-23,Rotavirus,11.32,4.845865949405998
Kenya,Mombasa,2023-04-30,Cholera,0.7,3.622318687171488
Kenya,Mombasa,2023-04-30,E. coli,10.38,5.41123699379605
Kenya,Mombasa,2023-04-30,Salmonella,12.11,4.725909096431344
Kenya,Mombasa,2023-04-30,Shigella,5.91,3.6745950108553624
Kenya,Mombasa,2023-04-30,Rotavirus,4.87,4.787403593994723
Kenya,Mombasa,2023-05-07,Cholera,3.54,4.849879041836744
Kenya,Mombasa,2023-05-07,E. coli,0.0,5.289358118253619
Kenya,Mombasa,2023-05-07,Salmonella,0.0,4.651133797994464
Kenya,Mombasa,2023-05-07,Shigella,3.77,4.977427801743664
Kenya,Mombasa,2023-05-07,Rotavirus,0.22,2.89192700095367
Kenya,Mombasa,2023-05-14,Cholera,4.44,4.80156725993279
Kenya,Mombasa,2023-05-14,E. coli,2.24,3.62300218808831
Kenya,Mombasa,2023-05-14,Salmonella,4.63,3.243616378323332
Kenya,Mombasa,2023-05-14,Shigella,5.7,3.6054457999865956
Kenya,Mombasa,2023-05-14,Rotavirus,0.0,3.671354198607417
Kenya,Mombasa,2023-05-21,Cholera,7.92,3.6723670257775947
Kenya,Mombasa,2023-05-21,E. coli,0.0,3.62300218808831
Kenya,Mombasa,2023-05-21,Salmonella,0.68,3.752671209517741
Kenya,Mombasa,2023-05-21,Shigella,9.76,3.796859885874842
Kenya,Mombasa,2023-05-21,Rotavirus,4.48,3.6213058600013106
Kenya,Mombasa,2023-05-28,Cholera,0.17,3.7416217394670372
Kenya,Mombasa,2023-05-28,E. coli,2.01,3.6984342299918573
Kenya,Mombasa,2023-05-28,Salmonella,0.0,3.2708639048689956
Kenya,Mombasa,2023-05-28,Shigella,7.84,3.677470857141129
Kenya,Mombasa,2023-05-28,Rotavirus,0.0,2.9821669264983255
Kenya,Mombasa,2023-06-04,Cholera,8.68,2.8297363452610553
Kenya,Mombasa,2023-06-04,E. coli,0.73,3.5488404989529116
Kenya,Mombasa,2023-06-04,Salmonella,0.0,2.8304493334305136
Kenya,Mombasa,2023-06-04,Shigella,0.0,3.3621089204962185
Kenya,Mombasa,2023-06-04,Rotavirus,0.0,2.8832781605705198
Kenya,Mombasa,2023-06-11,Cholera,0.0,3.5998108301598135
Kenya,Mombasa,2023-06-11,E. coli,0.89,2.7515958467235526
Kenya,Mombasa,2023-06-11,Salmonella,9.34,2.7785326354792463
Kenya,Mombasa,2023-06-11,Shigella,0.0,3.15381536548285
Kenya,Mombasa,2023-06-11,Rotavirus,2.17,2.9821669264983255
Kenya,Mombasa,2023-06-18,Cholera,2.25,3.5998108301598135
Kenya,Mombasa,2023-06-18,E. coli,0.0,3.619823255193646
Kenya,Mombasa,2023-06-18,Salmonella,3.15,1.8300097966733135
Kenya,Mombasa,2023-06-18,Shigella,9.91,3.3621089204962185
Kenya,Mombasa,2023-06-18,Rotavirus,6.35,2.8832781605705198
Kenya,Mombasa,2023-06-25,Cholera,1.23,2.83742710715258
Kenya,Mombasa,2023-06-25,E. coli,0.0,2.7515958467235526
Kenya,Mombasa,2023-06-25,Salmonella,10.53,2.8438373256429115
Kenya,Mombasa,2023-06-25,Shigella,4.46,3.242671482748706
Kenya,Mombasa,2023-06-25,Rotavirus,2.81,2.554968404950241
Kenya,Mombasa,2023-07-02,Cholera,2.14,2.046217626267149
Kenya,Mombasa,2023-07-02,E. coli,4.15,2.316021106242219
Kenya,Mombasa,2023-07-02,Salmonella,3.6,2.8438373256429115
Kenya,Mombasa,2023-07-02,Shigella,2.14,2.5074531931753
Kenya,Mombasa,2023-07-02,Rotavirus,5.7,2.554968404950241
Kenya,Mombasa,2023-07-09,Cholera,4.06,1.9460819956971458
Kenya,Mombasa,2023-07-09,E. coli,0.0,1.9416845430670768
Kenya,Mombasa,2023-07-09,Salmonella,0.0,2.562414067618061
Kenya,Mombasa,2023-07-09,Shigella,3.47,2.5074531931753
Kenya,Mombasa,2023-07-09,Rotavirus,0.0,2.3081815802950585
Kenya,Mombasa,2023-07-16,Cholera,1.76,1.9460819956971458
Kenya,Mombasa,2023-07-16,E. coli,8.13,7.998308574374716
Kenya,Mombasa,2023-07-16,Salmonella,6.45,2.033470001562335
Kenya,Mombasa,2023-07-16,Shigella,0.48,2.3941497869971062
Kenya,Mombasa,2023-07-16,Rotavirus,1.83,1.8977041381136106
Kenya,Mombasa,2023-07-23,Cholera,0.0,1.8805110855350393
Kenya,Mombasa,2023-07-23,E. coli,0.0,1.8845140080805447
Kenya,Mombasa,2023-07-23,Salmonella,0.0,1.8300097966733135
Kenya,Mombasa,2023-07-23,Shigella,6.39,2.030358005748561
Kenya,Mombasa,2023-07-23,Rotavirus,2.85,1.8321332279515041
Kenya,Mombasa,2023-07-30,Cholera,0.0,1.8805110855350393
Kenya,Mombasa,2023-07-30,E. coli,5.15,1.8845140080805447
Kenya,Mombasa,2023-07-30,Salmonella,0.0,1.8300097966733135
Kenya,Mombasa,2023-07-30,Shigella,0.0,2.030358005748561
Kenya,Mombasa,2023-07-30,Rotavirus,0.0,1.8321332279515041
Kenya,Mombasa,2023-08-06,Cholera,0.0,1.8805110855350393
Kenya,Mombasa,2023-08-06,E. coli,10.6,1.8845140080805447
Kenya,Mombasa,2023-08-06,Salmonella,4.89,1.8300097966733135
Kenya,Mombasa,2023-08-06,Shigella,0.0,2.030358005748561
Kenya,Mombasa,2023-08-06,Rotavirus,0.0,1.8321332279515041
Kenya,Mombasa,2023-08-13,Cholera,0.0,1.8805110855350393
Kenya,Mombasa,2023-08-13,E. coli,0.3,1.8845140080805447
Kenya,Mombasa,2023-08-13,Salmonella,0.0,1.8300097966733135
Kenya,Mombasa,2023-08-13,Shigella,7.51,2.030358005748561
Kenya,Mombasa,2023-08-13,Rotavirus,0.0,1.8321332279515041
Kenya,Mombasa,2023-08-20,Cholera,9.93,1.8805110855350393
Kenya,Mombasa,2023-08-20,E. coli,0.0,1.8845140080805447
Kenya,Mombasa,2023-08-20,Salmonella,11.27,1.8300097966733135
Kenya,Mombasa,2023-08-20,Shigella,0.0,2.030358005748561
Kenya,Mombasa,2023-08-20,Rotavirus,0.0,1.8321332279515041
Kenya,Mombasa,2023-08-27,Cholera,4.77,1.8805110855350393
Kenya,Mombasa,2023-08-27,E. coli,3.95,1.8845140080805447
Kenya,Mombasa,2023-08-27,Salmonella,0.0,1.8300097966733135
Kenya,Mombasa,2023-08-27,Shigella,0.42,2.030358005748561
Kenya,Mombasa,2023-08-27,Rotavirus,0.0,1.8321332279515041
Kenya,Mombasa,2023-09-03,Cholera,0.0,1.8805110855350393
Kenya,Mombasa,2023-09-03,E. coli,0.4,1.8845140080805447
Kenya,Mombasa,2023-09-03,Salmonella,3.56,4.725909096431344
Kenya,Mombasa,2023-09-03,Shigella,0.0,2.030358005748561
Kenya,Mombasa,2023-09-03,Rotavirus,0.04,1.8321332279515041
Kenya,Mombasa,2023-09-10,Cholera,0.0,1.8805110855350393
Kenya,Mombasa,2023-09-10,E. coli,0.0,1.8845140080805447
Kenya,Mombasa,2023-09-10,Salmonella,0.0,1.8300097966733135
Kenya,Mombasa,2023-09-10,Shigella,11.25,2.030358005748561
Kenya,Mombasa,2023-09-10,Rotavirus,0.0,1.8321332279515041
Kenya,Mombasa,2023-09-17,Cholera,0.0,1.8805110855350393
Kenya,Mombasa,2023-09-17,E. coli,0.0,1.8845140080805447
Kenya,Mombasa,2023-09-17,Salmonella,16.48,6.736418532949484
Kenya,Mombasa,2023-09-17,Shigella,4.87,2.030358005748561
Kenya,Mombasa,2023-09-17,Rotavirus,0.0,1.8321332279515041
Kenya,Mombasa,2023-09-24,Cholera,0.0,1.8805110855350393
Kenya,Mombasa,2023-09-24,E. coli,0.0,1.8845140080805447
Kenya,Mombasa,2023-09-24,Salmonella,3.3,1.8300097966733135
Kenya,Mombasa,2023-09-24,Shigella,0.0,2.030358005748561
Kenya,Mombasa,2023-09-24,Rotavirus,5.4,1.8321332279515041
Kenya,Mombasa,2023-10-01,Cholera,0.02,1.8805110855350393
Kenya,Mombasa,2023-10-01,E. coli,5.75,1.8845140080805447
Kenya,Mombasa,2023-10-01,Salmonella,6.12,1.8300097966733135
Kenya,Mombasa,2023-10-01,Shigella,0.0,2.030358005748561
Kenya,Mombasa,2023-10-01,Rotavirus,0.0,1.8321332279515041
Kenya,Mombasa,2023-10-08,Cholera,0.0,1.8805110855350393
Kenya,Mombasa,2023-10-08,E. coli,0.0,1.8845140080805447
Kenya,Mombasa,2023-10-08,Salmonella,1.87,4.7775273122312925
Kenya,Mombasa,2023-10-08,Shigella,0.0,2.030358005748561
Kenya,Mombasa,2023-10-08,Rotavirus,6.36,1.8321332279515041
Kenya,Mombasa,2023-10-15,Cholera,2.2,1.8805110855350393
Kenya,Mombasa,2023-10-15,E. coli,3.96,8.780587470051598
Kenya,Mombasa,2023-10-15,Salmonella,0.0,1.8300097966733135
Kenya,Mombasa,2023-10-15,Shigella,0.0,2.030358005748561
Kenya,Mombasa,2023-10-15,Rotavirus,0.05,1.8321332279515041
Kenya,Mombasa,2023-10-22,Cholera,2.09,1.8805110855350393
Kenya,Mombasa,2023-10-22,E. coli,0.0,1.8845140080805447
Kenya,Mombasa,2023-10-22,Salmonella,4.4,1.8300097966733135
Kenya,Mombasa,2023-10-22,Shigella,0.0,2.030358005748561
Kenya,Mombasa,2023-10-22,Rotavirus,0.0,1.8321332279515041
Kenya,Mombasa,2023-10-29,Cholera,8.53,5.460881585198606
Kenya,Mombasa,2023-10-29,E. coli,0.0,1.8845140080805447
Kenya,Mombasa,2023-10-29,Salmonella,0.0,1.8300097966733135
Kenya,Mombasa,2023-10-29,Shigella,0.0,2.030358005748561
Kenya,Mombasa,2023-10-29,Rotavirus,0.53,1.8321332279515041
Kenya,Mombasa,2023-11-05,Cholera,0.0,1.8805110855350393
Kenya,Mombasa,2023-11-05,E. coli,3.89,1.8845140080805447
Kenya,Mombasa,2023-11-05,Salmonella,0.0,1.8300097966733135
Kenya,Mombasa,2023-11-05,Shigella,4.61,2.030358005748561
Kenya,Mombasa,2023-11-05,Rotavirus,0.0,1.8321332279515041
Kenya,Mombasa,2023-11-12,Cholera,6.11,1.8805110855350393
Kenya,Mombasa,2023-11-12,E. coli,0.0,1.8845140080805447
Kenya,Mombasa,2023-11-12,Salmonella,0.0,1.8300097966733135
Kenya,Mombasa,2023-11-12,Shigella,11.58,8.604105544436432
Kenya,Mombasa,2023-11-12,Rotavirus,1.4,1.8321332279515041
Kenya,Mombasa,2023-11-19,Cholera,0.19,1.8805110855350393
Kenya,Mombasa,2023-11-19,E. coli,3.94,1.8845140080805447
Kenya,Mombasa,2023-11-19,Salmonella,0.0,1.8300097966733135
Kenya,Mombasa,2023-11-19,Shigella,1.6,2.030358005748561
Kenya,Mombasa,2023-11-19,Rotavirus,0.0,1.8321332279515041
Kenya,Mombasa,2023-11-26,Cholera,0.0,1.8805110855350393
Kenya,Mombasa,2023-11-26,E. coli,5.81,1.8845140080805447
Kenya,Mombasa,2023-11-26,Salmonella,0.0,1.8300097966733135
Kenya,Mombasa,2023-11-26,Shigella,0.0,2.030358005748561
Kenya,Mombasa,2023-11-26,Rotavirus,6.4,1.8321332279515041
Kenya,Mombasa,2023-12-03,Cholera,0.5,1.8805110855350393
Kenya,Mombasa,2023-12-03,E. coli,0.0,1.8845140080805447
Kenya,Mombasa,2023-12-03,Salmonella,6.81,1.8300097966733135
Kenya,Mombasa,2023-12-03,Shigella,0.28,2.030358005748561
Kenya,Mombasa,2023-12-03,Rotavirus,0.0,1.8321332279515041
Kenya,Mombasa,2023-12-10,Cholera,4.29,1.8805110855350393
Kenya,Mombasa,2023-12-10,E. coli,0.0,1.8845140080805447
Kenya,Mombasa,2023-12-10,Salmonella,8.1,9.640306930468235
Kenya,Mombasa,2023-12-10,Shigella,0.0,2.030358005748561
Kenya,Mombasa,2023-12-10,Rotavirus,0.0,1.8321332279515041
Kenya,Mombasa,2023-12-17,Cholera,10.04,2.2300192106343864
Kenya,Mombasa,2023-12-17,E. coli,0.0,2.037817251091574
Kenya,Mombasa,2023-12-17,Salmonella,1.33,2.033470001562335
Kenya,Mombasa,2023-12-17,Shigella,5.6,2.1146016636003777
Kenya,Mombasa,2023-12-17,Rotavirus,0.0,1.8321332279515041
Kenya,Mombasa,2023-12-24,Cholera,0.0,2.332294198094713
Kenya,Mombasa,2023-12-24,E. coli,7.02,2.316021106242219
Kenya,Mombasa,2023-12-24,Salmonella,4.66,2.033470001562335
Kenya,Mombasa,2023-12-24,Shigella,3.91,2.3941497869971062
Kenya,Mombasa,2023-12-24,Rotavirus,0.0,2.006671219425675
Tanzania,Dar es Salaam,2023-01-01,Cholera,0.0,2.560709647804059
Tanzania,Dar es Salaam,2023-01-01,E. coli,1.87,2.242834477625622
Tanzania,Dar es Salaam,2023-01-01,Salmonella,10.85,2.72993470979023
Tanzania,Dar es Salaam,2023-01-01,Shigella,0.0,3.3305657930375094
Tanzania,Dar es Salaam,2023-01-01,Rotavirus,2.57,2.463336408504936
Tanzania,Dar es Salaam,2023-01-08,Cholera,2.9,2.560709647804059
Tanzania,Dar es Salaam,2023-01-08,E. coli,4.5,3.1179121249501383
Tanzania,Dar es Salaam,2023-01-08,Salmonella,2.78,3.2090793495870766
Tanzania,Dar es Salaam,2023-01-08,Shigella,2.68,3.3305657930375094
Tanzania,Dar es Salaam,2023-01-08,Rotavirus,2.37,3.3142817530590793
Tanzania,Dar es Salaam,2023-01-15,Cholera,0.0,3.208311805459289
Tanzania,Dar es Salaam,2023-01-15,E. coli,0.0,3.067830467261802
Tanzania,Dar es Salaam,2023-01-15,Salmonella,0.97,2.72993470979023
Tanzania,Dar es Salaam,2023-01-15,Shigella,5.32,3.3769239302789633
Tanzania,Dar es Salaam,2023-01-15,Rotavirus,0.0,3.3142817530590793
Tanzania,Dar es Salaam,2023-01-22,Cholera,1.18,3.156000174534161
Tanzania,Dar es Salaam,2023-01-22,E. coli,1.64,3.0992463558795715
Tanzania,Dar es Salaam,2023-01-22,Salmonella,12.69,3.5250850936602496
Tanzania,Dar es Salaam,2023-01-22,Shigella,0.0,3.472627536491537
Tanzania,Dar es Salaam,2023-01-22,Rotavirus,5.53,9.258153550550896
Tanzania,Dar es Salaam,2023-01-29,Cholera,0.0,3.1632481658982123
Tanzania,Dar es Salaam,2023-01-29,E. coli,0.0,5.215278568818388
Tanzania,Dar es Salaam,2023-01-29,Salmonella,6.96,3.443853712046327
Tanzania,Dar es Salaam,2023-01-29,Shigella,4.65,3.2766370718284503
Tanzania,Dar es Salaam,2023-01-29,Rotavirus,0.0,3.1738595690580427
Tanzania,Dar es Salaam,2023-02-05,Cholera,0.0,5.984539135678737
Tanzania,Dar es Salaam,2023-02-05,E. coli,2.9,5.077891641227259
Tanzania,Dar es Salaam,2023-02-05,Salmonella,9.04,5.327480478333748
Tanzania,Dar es Salaam,2023-02-05,Shigella,3.05,4.901678741230032
Tanzania,Dar es Salaam,2023-02-05,Rotavirus,6.34,4.5689935971323585
Tanzania,Dar es Salaam,2023-02-12,Cholera,13.6,5.062169047781378
Tanzania,Dar es Salaam,2023-02-12,E. coli,0.0,3.0992463558795715
Tanzania,Dar es Salaam,2023-02-12,Salmonella,0.2,4.754748099327364
Tanzania,Dar es Salaam,2023-02-12,Shigella,0.0,3.472627536491537
Tanzania,Dar es Salaam,2023-02-12,Rotavirus,2.98,5.4140342162448345
Tanzania,Dar es Salaam,2023-02-19,Cholera,0.0,5.80777350438473
Tanzania,Dar es Salaam,2023-02-19,E. coli,7.07,4.97933537415083
Tanzania,Dar es Salaam,2023-02-19,Salmonella,0.0,4.739423989196553
Tanzania,Dar es Salaam,2023-02-19,Shigella,11.25,3.2766370718284503
Tanzania,Dar es Salaam,2023-02-19,Rotavirus,9.64,5.247471113558147
Tanzania,Dar es Salaam,2023-02-26,Cholera,7.49,4.848160078741739
Tanzania,Dar es Salaam,2023-02-26,E. coli,0.0,4.611545529025702
Tanzania,Dar es Salaam,2023-02-26,Salmonella,0.0,5.17349486541642
Tanzania,Dar es Salaam,2023-02-26,Shigella,2.91,4.941100120009341
Tanzania,Dar es Salaam,2023-02-26,Rotavirus,7.45,5.521691703174534
Tanzania,Dar es Salaam,2023-03-05,Cholera,0.19,4.848160078741739
Tanzania,Dar es Salaam,2023-03-05,E. coli,7.79,4.611545529025702
Tanzania,Dar es Salaam,2023-03-05,Salmonella,5.85,5.4708793094762225
Tanzania,Dar es Salaam,2023-03-05,Shigella,0.0,5.345631006709178
Tanzania,Dar es Salaam,2023-03-05,Rotavirus,6.12,5.4140342162448345
Tanzania,Dar es Salaam,2023-03-12,Cholera,11.56,5.292057463268504
Tanzania,Dar es Salaam,2023-03-12,E. coli,0.0,4.97933537415083
Tanzania,Dar es Salaam,2023-03-12,Salmonella,0.56,5.17349486541642
Tanzania,Dar es Salaam,2023-03-12,Shigella,16.56,6.220097202247548
Tanzania,Dar es Salaam,2023-03-12,Rotavirus,6.9,4.9894547588050155
Tanzania,Dar es Salaam,2023-03-19,Cholera,7.3,5.513980166096194
Tanzania,Dar es Salaam,2023-03-19,E. coli,10.35,6.580377617994429
Tanzania,Dar es Salaam,2023-03-19,Salmonella,0.28,4.754748099327364
Tanzania,Dar es Salaam,2023-03-19,Shigella,9.12,5.128972120050754
Tanzania,Dar es Salaam,2023-03-19,Rotavirus,0.0,3.7072680236415727
Tanzania,Dar es Salaam,2023-03-26,Cholera,11.97,5.292057463268504
Tanzania,Dar es Salaam,2023-03-26,E. coli,10.3,6.580377617994429
Tanzania,Dar es Salaam,2023-03-26,Salmonella,0.0,5.572360508535798
Tanzania,Dar es Salaam,2023-03-26,Shigella,7.0,4.941100120009341
Tanzania,Dar es Salaam,2023-03-26,Rotavirus,3.71,6.666241486769598
Tanzania,Dar es Salaam,2023-04-02,Cholera,4.03,5.513980166096194
Tanzania,Dar es Salaam,2023-04-02,E. coli,3.98,4.771381184291623
Tanzania,Dar es Salaam,2023-04-02,Salmonella,7.55,5.395594877241791
Tanzania,Dar es Salaam,2023-04-02,Shigella,1.5,5.7521450428462675
Tanzania,Dar es Salaam,2023-04-02,Rotavirus,3.04,5.616982959950929
Tanzania,Dar es Salaam,2023-04-09,Cholera,13.02,7.530067018143674
Tanzania,Dar es Salaam,2023-04-09,E. coli,0.0,6.442185708746575
Tanzania,Dar es Salaam,2023-04-09,Salmonella,7.34,5.572360508535798
Tanzania,Dar es Salaam,2023-04-09,Shigella,4.25,4.901678741230032
Tanzania,Dar es Salaam,2023-04-09,Rotavirus,10.3,5.4140342162448345
Tanzania,Dar es Salaam,2023-04-16,Cholera,12.43,5.292057463268504
Tanzania,Dar es Salaam,2023-04-16,E. coli,5.31,4.771381184291623
Tanzania,Dar es Salaam,2023-04-16,Salmonella,16.93,5.921395781904192
Tanzania,Dar es Salaam,2023-04-16,Shigella,11.16,5.8274294750807
Tanzania,Dar es Salaam,2023-04-16,Rotavirus,0.0,4.5689935971323585
Tanzania,Dar es Salaam,2023-04-23,Cholera,9.36,3.695003520590488
Tanzania,Dar es Salaam,2023-04-23,E. coli,6.27,6.138325065289463
Tanzania,Dar es Salaam,2023-04-23,Salmonella,0.0,4.417050218579906
Tanzania,Dar es Salaam,2023-04-23,Shigella,5.08,3.472627536491537
Tanzania,Dar es Salaam,2023-04-23,Rotavirus,0.0,5.4140342162448345
Tanzania,Dar es Salaam,2023-04-30,Cholera,7.97,5.292057463268504
Tanzania,Dar es Salaam,2023-04-30,E. coli,3.02,6.442185708746575
Tanzania,Dar es Salaam,2023-04-30,Salmonella,10.13,4.4108220619350655
Tanzania,Dar es Salaam,2023-04-30,Shigella,0.0,5.367810116211867
Tanzania,Dar es Salaam,2023-04-30,Rotavirus,0.0,5.521691703174534
Tanzania,Dar es Salaam,2023-05-07,Cholera,1.19,3.695003520590488
Tanzania,Dar es Salaam,2023-05-07,E. coli,9.26,6.055574654577327
Tanzania,Dar es Salaam,2023-05-07,Salmonella,6.97,4.732642056451286
Tanzania,Dar es Salaam,2023-05-07,Shigella,1.12,3.7893533504638213
Tanzania,Dar es Salaam,2023-05-07,Rotavirus,9.78,4.832057492069949
Tanzania,Dar es Salaam,2023-05-14,Cholera,7.39,5.154670535677376
Tanzania,Dar es Salaam,2023-05-14,E. coli,8.05,5.077891641227259
Tanzania,Dar es Salaam,2023-05-14,Salmonella,3.98,4.4108220619350655
Tanzania,Dar es Salaam,2023-05-14,Shigella,6.93,3.4853711303281862
Tanzania,Dar es Salaam,2023-05-14,Rotavirus,9.57,5.091808832782928
Tanzania,Dar es Salaam,2023-05-21,Cholera,10.78,6.30633191378601
Tanzania,Dar es Salaam,2023-05-21,E. coli,14.37,3.0992463558795715
Tanzania,Dar es Salaam,2023-05-21,Salmonella,4.54,4.754748099327364
Tanzania,Dar es Salaam,2023-05-21,Shigella,2.83,3.2766370718284503
Tanzania,Dar es Salaam,2023-05-21,Rotavirus,0.0,4.5689935971323585
Tanzania,Dar es Salaam,2023-05-28,Cholera,0.0,4.673429314680149
Tanzania,Dar es Salaam,2023-05-28,E. coli,7.84,4.771381184291623
Tanzania,Dar es Salaam,2023-05-28,Salmonella,7.44,5.327480478333748
Tanzania,Dar es Salaam,2023-05-28,Shigella,6.36,5.367810116211867
Tanzania,Dar es Salaam,2023-05-28,Rotavirus,4.29,5.091808832782928
Tanzania,Dar es Salaam,2023-06-04,Cholera,4.06,3.352972525465087
Tanzania,Dar es Salaam,2023-06-04,E. coli,0.0,3.0992463558795715
Tanzania,Dar es Salaam,2023-06-04,Salmonella,2.19,3.40953749146875
Tanzania,Dar es Salaam,2023-06-04,Shigella,0.0,3.2766370718284503
Tanzania,Dar es Salaam,2023-06-04,Rotavirus,0.0,3.3167362830206866
Tanzania,Dar es Salaam,2023-06-11,Cholera,5.71,3.156000174534161
Tanzania,Dar es Salaam,2023-06-11,E. coli,5.86,3.067830467261802
Tanzania,Dar es Salaam,2023-06-11,Salmonella,1.12,3.442318674877988
Tanzania,Dar es Salaam,2023-06-11,Shigella,4.73,3.4549913829933523
Tanzania,Dar es Salaam,2023-06-11,Rotavirus,5.65,3.2698109310885157
Tanzania,Dar es Salaam,2023-06-18,Cholera,9.54,3.274499386787939
Tanzania,Dar es Salaam,2023-06-18,E. coli,2.32,3.1179121249501383
Tanzania,Dar es Salaam,2023-06-18,Salmonella,0.0,4.4108220619350655
Tanzania,Dar es Salaam,2023-06-18,Shigella,0.0,3.3769239302789633
Tanzania,Dar es Salaam,2023-06-18,Rotavirus,2.56,3.201393376523072
Tanzania,Dar es Salaam,2023-06-25,Cholera,9.47,9.244704772935426
Tanzania,Dar es Salaam,2023-06-25,E. coli,5.77,2.9994129126963593
Tanzania,Dar es Salaam,2023-06-25,Salmonella,4.72,3.4588975123315997
Tanzania,Dar es Salaam,2023-06-25,Shigella,0.0,3.2246814593586004
Tanzania,Dar es Salaam,2023-06-25,Rotavirus,4.97,2.520319252226627
Tanzania,Dar es Salaam,2023-07-02,Cholera,0.0,2.560709647804059
Tanzania,Dar es Salaam,2023-07-02,E. coli,0.0,2.528743577186139
Tanzania,Dar es Salaam,2023-07-02,Salmonella,7.05,2.6099083675282553
Tanzania,Dar es Salaam,2023-07-02,Shigella,0.6,7.1677577832059685
Tanzania,Dar es Salaam,2023-07-02,Rotavirus,0.0,2.520319252226627
Tanzania,Dar es Salaam,2023-07-09,Cholera,3.25,2.5139784366616023
Tanzania,Dar es Salaam,2023-07-09,E. coli,1.46,2.528743577186139
Tanzania,Dar es Salaam,2023-07-09,Salmonella,0.0,2.0390055867451604
Tanzania,Dar es Salaam,2023-07-09,Shigella,0.0,2.680269474428475
Tanzania,Dar es Salaam,2023-07-09,Rotavirus,2.41,2.9686611350452132
Tanzania,Dar es Salaam,2023-07-16,Cholera,0.0,2.0467590605745984
Tanzania,Dar es Salaam,2023-07-16,E. coli,0.0,2.066942703253176
Tanzania,Dar es Salaam,2023-07-16,Salmonella,2.19,1.929053141021629
Tanzania,Dar es Salaam,2023-07-16,Shigella,0.0,2.1308843970406226
Tanzania,Dar es Salaam,2023-07-16,Rotavirus,8.12,5.707657444005961
Tanzania,Dar es Salaam,2023-07-23,Cholera,3.68,1.9747129339817147
Tanzania,Dar es Salaam,2023-07-23,E. coli,6.23,2.002487416797533
Tanzania,Dar es Salaam,2023-07-23,Salmonella,3.2,1.929053141021629
Tanzania,Dar es Salaam,2023-07-23,Shigella,4.6,2.1308843970406226
Tanzania,Dar es Salaam,2023-07-23,Rotavirus,7.02,1.9100572986204023
Tanzania,Dar es Salaam,2023-07-30,Cholera,4.39,1.9747129339817147
Tanzania,Dar es Salaam,2023-07-30,E. coli,0.0,2.002487416797533
Tanzania,Dar es Salaam,2023-07-30,Salmonella,0.0,1.929053141021629
Tanzania,Dar es Salaam,2023-07-30,Shigella,1.26,2.1308843970406226
Tanzania,Dar es Salaam,2023-07-30,Rotavirus,1.63,1.9100572986204023
Tanzania,Dar es Salaam,2023-08-06,Cholera,0.95,1.9747129339817147
Tanzania,Dar es Salaam,2023-08-06,E. coli,4.39,2.002487416797533
Tanzania,Dar es Salaam,2023-08-06,Salmonella,3.2,1.929053141021629
Tanzania,Dar es Salaam,2023-08-06,Shigella,5.92,2.1308843970406226
Tanzania,Dar es Salaam,2023-08-06,Rotavirus,0.0,1.9100572986204023
Tanzania,Dar es Salaam,2023-08-13,Cholera,8.55,1.9747129339817147
Tanzania,Dar es Salaam,2023-08-13,E. coli,0.0,2.002487416797533
Tanzania,Dar es Salaam,2023-08-13,Salmonella,0.0,1.929053141021629
Tanzania,Dar es Salaam,2023-08-13,Shigella,0.0,2.1308843970406226
Tanzania,Dar es Salaam,2023-08-13,Rotavirus,3.03,1.9100572986204023
Tanzania,Dar es Salaam,2023-08-20,Cholera,0.0,1.9747129339817147
Tanzania,Dar es Salaam,2023-08-20,E. coli,0.0,2.002487416797533
Tanzania,Dar es Salaam,2023-08-20,Salmonella,1.89,1.929053141021629
Tanzania,Dar es Salaam,2023-08-20,Shigella,0.0,2.1308843970406226
Tanzania,Dar es Salaam,2023-08-20,Rotavirus,0.62,1.9100572986204023
Tanzania,Dar es Salaam,2023-08-27,Cholera,0.0,1.9747129339817147
Tanzania,Dar es Salaam,2023-08-27,E. coli,0.0,2.002487416797533
Tanzania,Dar es Salaam,2023-08-27,Salmonella,0.0,1.929053141021629
Tanzania,Dar es Salaam,2023-08-27,Shigella,4.84,2.1308843970406226
Tanzania,Dar es Salaam,2023-08-27,Rotavirus,0.0,1.9100572986204023
Tanzania,Dar es Salaam,2023-09-03,Cholera,0.0,1.9747129339817147
Tanzania,Dar es Salaam,2023-09-03,E. coli,0.0,2.002487416797533
Tanzania,Dar es Salaam,2023-09-03,Salmonella,14.49,9.881152149626983
Tanzania,Dar es Salaam,2023-09-03,Shigella,4.18,2.1308843970406226
Tanzania,Dar es Salaam,2023-09-03,Rotavirus,0.0,1.9100572986204023
Tanzania,Dar es Salaam,2023-09-10,Cholera,0.0,1.9747129339817147
Tanzania,Dar es Salaam,2023-09-10,E. coli,0.75,2.002487416797533
Tanzania,Dar es Salaam,2023-09-10,Salmonella,5.85,1.929053141021629
Tanzania,Dar es Salaam,2023-09-10,Shigella,0.0,2.1308843970406226
Tanzania,Dar es Salaam,2023-09-10,Rotavirus,0.99,1.9100572986204023
Tanzania,Dar es Salaam,2023-09-17,Cholera,13.44,1.9747129339817147
Tanzania,Dar es Salaam,2023-09-17,E. coli,0.0,2.002487416797533
Tanzania,Dar es Salaam,2023-09-17,Salmonella,0.0,1.929053141021629
Tanzania,Dar es Salaam,2023-09-17,Shigella,2.34,2.1308843970406226
Tanzania,Dar es Salaam,2023-09-17,Rotavirus,0.0,1.9100572986204023
Tanzania,Dar es Salaam,2023-09-24,Cholera,9.31,1.9747129339817147
Tanzania,Dar es Salaam,2023-09-24,E. coli,1.38,2.002487416797533
Tanzania,Dar es Salaam,2023-09-24,Salmonella,6.36,1.929053141021629
Tanzania,Dar es Salaam,2023-09-24,Shigella,0.58,2.1308843970406226
Tanzania,Dar es Salaam,2023-09-24,Rotavirus,0.0,1.9100572986204023
Tanzania,Dar es Salaam,2023-10-01,Cholera,0.0,1.9747129339817147
Tanzania,Dar es Salaam,2023-10-01,E. coli,7.93,8.49822016769662
Tanzania,Dar es Salaam,2023-10-01,Salmonella,1.83,1.929053141021629
Tanzania,Dar es Salaam,2023-10-01,Shigella,3.46,2.1308843970406226
Tanzania,Dar es Salaam,2023-10-01,Rotavirus,0.0,1.9100572986204023
Tanzania,Dar es Salaam,2023-10-08,Cholera,4.21,1.9747129339817147
Tanzania,Dar es Salaam,2023-10-08,E. coli,10.34,2.002487416797533
Tanzania,Dar es Salaam,2023-10-08,Salmonella,0.0,1.929053141021629
Tanzania,Dar es Salaam,2023-10-08,Shigella,7.05,2.1308843970406226
Tanzania,Dar es Salaam,2023-10-08,Rotavirus,0.9,1.9100572986204023
Tanzania,Dar es Salaam,2023-10-15,Cholera,0.0,1.9747129339817147
Tanzania,Dar es Salaam,2023-10-15,E. coli,0.0,2.002487416797533
Tanzania,Dar es Salaam,2023-10-15,Salmonella,0.0,1.929053141021629
Tanzania,Dar es Salaam,2023-10-15,Shigella,0.89,2.1308843970406226
Tanzania,Dar es Salaam,2023-10-15,Rotavirus,0.0,1.9100572986204023
Tanzania,Dar es Salaam,2023-10-22,Cholera,1.58,1.9747129339817147
Tanzania,Dar es Salaam,2023-10-22,E. coli,0.0,2.002487416797533
Tanzania,Dar es Salaam,2023-10-22,Salmonella,4.89,1.929053141021629
Tanzania,Dar es Salaam,2023-10-22,Shigella,2.04,2.1308843970406226
Tanzania,Dar es Salaam,2023-10-22,Rotavirus,1.61,1.9100572986204023
Tanzania,Dar es Salaam,2023-10-29,Cholera,0.0,1.9747129339817147
Tanzania,Dar es Salaam,2023-10-29,E. coli,0.79,2.002487416797533
Tanzania,Dar es Salaam,2023-10-29,Salmonella,0.0,1.929053141021629
Tanzania,Dar es Salaam,2023-10-29,Shigella,0.0,2.1308843970406226
Tanzania,Dar es Salaam,2023-10-29,Rotavirus,0.0,1.9100572986204023
Tanzania,Dar es Salaam,2023-11-05,Cholera,4.92,1.9747129339817147
Tanzania,Dar es Salaam,2023-11-05,E. coli,0.53,2.002487416797533
Tanzania,Dar es Salaam,2023-11-05,Salmonella,3.23,1.929053141021629
Tanzania,Dar es Salaam,2023-11-05,Shigella,0.54,2.1308843970406226
Tanzania,Dar es Salaam,2023-11-05,Rotavirus,0.0,1.9100572986204023
Tanzania,Dar es Salaam,2023-11-12,Cholera,3.1,8.34290098908941
Tanzania,Dar es Salaam,2023-11-12,E. coli,3.49,2.002487416797533
Tanzania,Dar es Salaam,2023-11-12,Salmonella,0.0,1.929053141021629
Tanzania,Dar es Salaam,2023-11-12,Shigella,6.08,2.1308843970406226
Tanzania,Dar es Salaam,2023-11-12,Rotavirus,0.78,1.9100572986204023
Tanzania,Dar es Salaam,2023-11-19,Cholera,0.0,1.9747129339817147
Tanzania,Dar es Salaam,2023-11-19,E. coli,0.0,2.002487416797533
Tanzania,Dar es Salaam,2023-11-19,Salmonella,0.0,1.929053141021629
Tanzania,Dar es Salaam,2023-11-19,Shigella,5.11,2.1308843970406226
Tanzania,Dar es Salaam,2023-11-19,Rotavirus,0.0,1.9100572986204023
Tanzania,Dar es Salaam,2023-11-26,Cholera,0.0,1.9747129339817147
Tanzania,Dar es Salaam,2023-11-26,E. coli,7.66,2.002487416797533
Tanzania,Dar es Salaam,2023-11-26,Salmonella,2.1,1.929053141021629
Tanzania,Dar es Salaam,2023-11-26,Shigella,9.24,2.1308843970406226
Tanzania,Dar es Salaam,2023-11-26,Rotavirus,10.5,8.224280295474266
Tanzania,Dar es Salaam,2023-12-03,Cholera,0.0,1.9747129339817147
Tanzania,Dar es Salaam,2023-12-03,E. coli,5.9,2.002487416797533
Tanzania,Dar es Salaam,2023-12-03,Salmonella,3.34,1.929053141021629
Tanzania,Dar es Salaam,2023-12-03,Shigella,10.37,2.1308843970406226
Tanzania,Dar es Salaam,2023-12-03,Rotavirus,0.0,1.9100572986204023
Tanzania,Dar es Salaam,2023-12-10,Cholera,0.0,1.9747129339817147
Tanzania,Dar es Salaam,2023-12-10,E. coli,4.38,2.002487416797533
Tanzania,Dar es Salaam,2023-12-10,Salmonella,0.0,1.929053141021629
Tanzania,Dar es Salaam,2023-12-10,Shigella,0.98,2.1308843970406226
Tanzania,Dar es Salaam,2023-12-10,Rotavirus,5.37,1.9100572986204023
Tanzania,Dar es Salaam,2023-12-17,Cholera,0.0,2.5139784366616023
Tanzania,Dar es Salaam,2023-12-17,E. coli,0.0,2.066942703253176
Tanzania,Dar es Salaam,2023-12-17,Salmonella,5.17,1.929053141021629
Tanzania,Dar es Salaam,2023-12-17,Shigella,0.0,2.1308843970406226
Tanzania,Dar es Salaam,2023-12-17,Rotavirus,1.09,2.463336408504936
Tanzania,Dar es Salaam,2023-12-24,Cholera,3.68,2.5139784366616023
Tanzania,Dar es Salaam,2023-12-24,E. coli,12.52,2.5222864401177563
Tanzania,Dar es Salaam,2023-12-24,Salmonella,11.74,3.2090793495870766
Tanzania,Dar es Salaam,2023-12-24,Shigella,1.21,2.6325283499648715
Tanzania,Dar es Salaam,2023-12-24,Rotavirus,0.0,2.520319252226627
Tanzania,Arusha,2023-01-01,Cholera,5.79,3.173985226444433
Tanzania,Arusha,2023-01-01,E. coli,0.0,2.837381885894156
Tanzania,Arusha,2023-01-01,Salmonella,2.78,2.4734645003920357
Tanzania,Arusha,2023-01-01,Shigella,5.41,3.367168644011093
Tanzania,Arusha,2023-01-01,Rotavirus,11.84,9.575163746766968
Tanzania,Arusha,2023-01-08,Cholera,7.03,3.681270295785102
Tanzania,Arusha,2023-01-08,E. coli,4.13,2.440624330769838
Tanzania,Arusha,2023-01-08,Salmonella,12.41,3.0926005041804707
Tanzania,Arusha,2023-01-08,Shigella,0.0,3.367168644011093
Tanzania,Arusha,2023-01-08,Rotavirus,0.0,2.902397104453422
Tanzania,Arusha,2023-01-15,Cholera,3.1,3.201819075615327
Tanzania,Arusha,2023-01-15,E. coli,0.0,2.9805183234034955
Tanzania,Arusha,2023-01-15,Salmonella,8.68,3.324446314951055
Tanzania,Arusha,2023-01-15,Shigella,7.99,3.261445357683241
Tanzania,Arusha,2023-01-15,Rotavirus,3.01,3.3609871814827623
Tanzania,Arusha,2023-01-22,Cholera,0.0,3.06826194011658
Tanzania,Arusha,2023-01-22,E. coli,0.19,2.9805183234034955
Tanzania,Arusha,2023-01-22,Salmonella,0.0,3.287862220014132
Tanzania,Arusha,2023-01-22,Shigella,11.43,4.530387026884013
Tanzania,Arusha,2023-01-22,Rotavirus,5.07,3.6935347988361866
Tanzania,Arusha,2023-01-29,Cholera,8.89,4.68740274716662
Tanzania,Arusha,2023-01-29,E. coli,4.04,2.9805183234034955
Tanzania,Arusha,2023-01-29,Salmonella,0.0,3.322583589375817
Tanzania,Arusha,2023-01-29,Shigella,4.68,7.0553302448748845
Tanzania,Arusha,2023-01-29,Rotavirus,7.56,3.6935347988361866
Tanzania,Arusha,2023-02-05,Cholera,10.09,5.426986477439888
Tanzania,Arusha,2023-02-05,E. coli,0.0,3.599924793481324
Tanzania,Arusha,2023-02-05,Salmonella,0.0,4.328071347744618
Tanzania,Arusha,2023-02-05,Shigella,5.18,3.8113628101544945
Tanzania,Arusha,2023-02-05,Rotavirus,0.0,3.1785801204897335
Tanzania,Arusha,2023-02-12,Cholera,6.49,5.215317362418863
Tanzania,Arusha,2023-02-12,E. coli,7.52,5.890464197357553
Tanzania,Arusha,2023-02-12,Salmonella,0.0,3.2254566036430754
Tanzania,Arusha,2023-02-12,Shigella,0.0,4.72134209643255
Tanzania,Arusha,2023-02-12,Rotavirus,5.36,9.575163746766968
Tanzania,Arusha,2023-02-19,Cholera,4.24,4.68740274716662
Tanzania,Arusha,2023-02-19,E. coli,11.92,6.1823792242299875
Tanzania,Arusha,2023-02-19,Salmonella,9.87,4.191012981258923
Tanzania,Arusha,2023-02-19,Shigella,9.68,5.341483015901426
Tanzania,Arusha,2023-02-19,Rotavirus,5.05,4.524737642946966
Tanzania,Arusha,2023-02-26,Cholera,0.0,3.3503757783229315
Tanzania,Arusha,2023-02-26,E. coli,10.11,5.890464197357553
Tanzania,Arusha,2023-02-26,Salmonella,0.0,4.328071347744618
Tanzania,Arusha,2023-02-26,Shigella,5.83,5.0392723125345364
Tanzania,Arusha,2023-02-26,Rotavirus,4.25,4.560555671225971
Tanzania,Arusha,2023-03-05,Cholera,6.51,4.6090330026387445
Tanzania,Arusha,2023-03-05,E. coli,11.06,12.845477055419224
Tanzania,Arusha,2023-03-05,Salmonella,11.53,4.352281172649704
Tanzania,Arusha,2023-03-05,Shigella,0.63,4.457836137739777
Tanzania,Arusha,2023-03-05,Rotavirus,12.62,4.560555671225971
Tanzania,Arusha,2023-03-12,Cholera,9.59,5.395325697537376
Tanzania,Arusha,2023-03-12,E. coli,0.0,4.700931542500944
Tanzania,Arusha,2023-03-12,Salmonella,1.13,4.328071347744618
Tanzania,Arusha,2023-03-12,Shigella,6.98,3.3097830091823544
Tanzania,Arusha,2023-03-12,Rotavirus,6.2,3.1785801204897335
Tanzania,Arusha,2023-03-19,Cholera,5.79,5.426986477439888
Tanzania,Arusha,2023-03-19,E. coli,8.12,5.876832077949208
Tanzania,Arusha,2023-03-19,Salmonella,5.48,3.9994800543050544
Tanzania,Arusha,2023-03-19,Shigella,6.42,4.457836137739777
Tanzania,Arusha,2023-03-19,Rotavirus,8.11,4.232423790225925
Tanzania,Arusha,2023-03-26,Cholera,10.6,8.657705255192159
Tanzania,Arusha,2023-03-26,E. coli,2.73,7.753964096105565
Tanzania,Arusha,2023-03-26,Salmonella,7.81,11.670629856094473
Tanzania,Arusha,2023-03-26,Shigella,4.44,5.0392723125345364
Tanzania,Arusha,2023-03-26,Rotavirus,11.89,5.12685131006022
Tanzania,Arusha,2023-04-02,Cholera,3.45,4.419120234004008
Tanzania,Arusha,2023-04-02,E. coli,0.0,4.68338886740603
Tanzania,Arusha,2023-04-02,Salmonella,0.0,3.9994800543050544
Tanzania,Arusha,2023-04-02,Shigella,12.23,5.341483015901426
Tanzania,Arusha,2023-04-02,Rotavirus,0.0,4.524737642946966
Tanzania,Arusha,2023-04-09,Cholera,7.49,5.426986477439888
Tanzania,Arusha,2023-04-09,E. coli,0.0,4.414481051721081
Tanzania,Arusha,2023-04-09,Salmonella,6.44,9.591649126604585
Tanzania,Arusha,2023-04-09,Shigella,5.36,4.786482312131723
Tanzania,Arusha,2023-04-09,Rotavirus,3.26,5.12685131006022
Tanzania,Arusha,2023-04-16,Cholera,14.01,8.430817657135835
Tanzania,Arusha,2023-04-16,E. coli,3.1,4.616507018792637
Tanzania,Arusha,2023-04-16,Salmonella,3.33,3.9994800543050544
Tanzania,Arusha,2023-04-16,Shigella,6.05,7.01269141508765
Tanzania,Arusha,2023-04-16,Rotavirus,0.0,5.122274426873283
Tanzania,Arusha,2023-04-23,Cholera,10.28,4.358811453727055
Tanzania,Arusha,2023-04-23,E. coli,14.11,4.700931542500944
Tanzania,Arusha,2023-04-23,Salmonella,6.23,3.317341263342026
Tanzania,Arusha,2023-04-23,Shigella,0.0,5.012282956520193
Tanzania,Arusha,2023-04-23,Rotavirus,2.68,4.560555671225971
Tanzania,Arusha,2023-04-30,Cholera,0.23,3.1606514187560566
Tanzania,Arusha,2023-04-30,E. coli,2.37,4.700931542500944
Tanzania,Arusha,2023-04-30,Salmonella,8.76,4.314006011308651
Tanzania,Arusha,2023-04-30,Shigella,7.84,4.786482312131723
Tanzania,Arusha,2023-04-30,Rotavirus,0.0,3.6935347988361866
Tanzania,Arusha,2023-05-07,Cholera,5.84,4.419120234004008
Tanzania,Arusha,2023-05-07,E. coli,0.79,4.414481051721081
Tanzania,Arusha,2023-05-07,Salmonella,0.0,4.191012981258923
Tanzania,Arusha,2023-05-07,Shigella,4.8,4.457836137739777
Tanzania,Arusha,2023-05-07,Rotavirus,7.02,3.6935347988361866
Tanzania,Arusha,2023-05-14,Cholera,8.5,4.6090330026387445
Tanzania,Arusha,2023-05-14,E. coli,11.52,5.890464197357553
Tanzania,Arusha,2023-05-14,Salmonella,4.72,4.987271406775874
Tanzania,Arusha,2023-05-14,Shigella,0.0,5.309822235998913
Tanzania,Arusha,2023-05-14,Rotavirus,9.66,3.6935347988361866
Tanzania,Arusha,2023-05-21,Cholera,1.08,3.681270295785102
Tanzania,Arusha,2023-05-21,E. coli,0.0,4.406544138134003
Tanzania,Arusha,2023-05-21,Salmonella,0.0,4.352281172649704
Tanzania,Arusha,2023-05-21,Shigella,12.39,3.505773473845441
Tanzania,Arusha,2023-05-21,Rotavirus,0.0,4.998959681607968
Tanzania,Arusha,2023-05-28,Cholera,4.05,5.215317362418863
Tanzania,Arusha,2023-05-28,E. coli,8.86,4.68338886740603
Tanzania,Arusha,2023-05-28,Salmonella,2.94,3.6343423039739746
Tanzania,Arusha,2023-05-28,Shigella,2.36,4.72134209643255
Tanzania,Arusha,2023-05-28,Rotavirus,0.0,3.113655142105492
Tanzania,Arusha,2023-06-04,Cholera,0.39,3.1606514187560566
Tanzania,Arusha,2023-06-04,E. coli,6.67,3.0454433017877367
Tanzania,Arusha,2023-06-04,Salmonella,3.86,3.0926005041804707
Tanzania,Arusha,2023-06-04,Shigella,14.5,4.72134209643255
Tanzania,Arusha,2023-06-04,Rotavirus,0.0,3.1712628219158874
Tanzania,Arusha,2023-06-11,Cholera,4.85,3.133186918500822
Tanzania,Arusha,2023-06-11,E. coli,17.26,9.882772504921265
Tanzania,Arusha,2023-06-11,Salmonella,0.0,3.322583589375817
Tanzania,Arusha,2023-06-11,Shigella,0.0,3.505773473845441
Tanzania,Arusha,2023-06-11,Rotavirus,7.9,3.1785801204897335
Tanzania,Arusha,2023-06-18,Cholera,0.0,3.201819075615327
Tanzania,Arusha,2023-06-18,E. coli,0.0,3.261025863596832
Tanzania,Arusha,2023-06-18,Salmonella,1.67,3.317341263342026
Tanzania,Arusha,2023-06-18,Shigella,11.44,9.090282401629839
Tanzania,Arusha,2023-06-18,Rotavirus,2.57,3.113655142105492
Tanzania,Arusha,2023-06-25,Cholera,0.0,2.0264735745771607
Tanzania,Arusha,2023-06-25,E. coli,2.37,3.079701879205531
Tanzania,Arusha,2023-06-25,Salmonella,0.0,3.6343423039739746
Tanzania,Arusha,2023-06-25,Shigella,2.8,3.160757450052344
Tanzania,Arusha,2023-06-25,Rotavirus,5.16,3.2137675927155724
Tanzania,Arusha,2023-07-02,Cholera,10.03,3.1077976451157827
Tanzania,Arusha,2023-07-02,E. coli,4.25,2.3936857968872602
Tanzania,Arusha,2023-07-02,Salmonella,5.34,2.2450526782378866
Tanzania,Arusha,2023-07-02,Shigella,7.17,3.261445357683241
Tanzania,Arusha,2023-07-02,Rotavirus,0.0,2.377107356183531
Tanzania,Arusha,2023-07-09,Cholera,0.0,2.41147160656242
Tanzania,Arusha,2023-07-09,E. coli,0.0,2.3936857968872602
Tanzania,Arusha,2023-07-09,Salmonella,0.0,3.0926005041804707
Tanzania,Arusha,2023-07-09,Shigella,0.37,3.3244408862290427
Tanzania,Arusha,2023-07-09,Rotavirus,8.34,2.1668218646536372
Tanzania,Arusha,2023-07-16,Cholera,0.0,2.0264735745771607
Tanzania,Arusha,2023-07-16,E. coli,0.0,2.196455178496871
Tanzania,Arusha,2023-07-16,Salmonella,6.41,2.018720100747723
Tanzania,Arusha,2023-07-16,Shigella,0.32,2.185877449191324
Tanzania,Arusha,2023-07-16,Rotavirus,0.0,1.978095716993626
Tanzania,Arusha,2023-07-23,Cholera,2.51,1.9380726860795152
Tanzania,Arusha,2023-07-23,E. coli,9.09,1.9397533557640205
Tanzania,Arusha,2023-07-23,Salmonella,0.49,1.8924128931194295
Tanzania,Arusha,2023-07-23,Shigella,6.17,2.094244149138423
Tanzania,Arusha,2023-07-23,Rotavirus,5.04,1.8896948284959805
Tanzania,Arusha,2023-07-30,Cholera,0.0,1.9380726860795152
Tanzania,Arusha,2023-07-30,E. coli,0.0,1.9397533557640205
Tanzania,Arusha,2023-07-30,Salmonella,0.0,1.8924128931194295
Tanzania,Arusha,2023-07-30,Shigella,0.0,2.094244149138423
Tanzania,Arusha,2023-07-30,Rotavirus,4.15,1.8896948284959805
Tanzania,Arusha,2023-08-06,Cholera,1.41,1.9380726860795152
Tanzania,Arusha,2023-08-06,E. coli,0.0,1.9397533557640205
Tanzania,Arusha,2023-08-06,Salmonella,2.61,1.8924128931194295
Tanzania,Arusha,2023-08-06,Shigella,0.0,2.094244149138423
Tanzania,Arusha,2023-08-06,Rotavirus,0.65,6.755247533030502
Tanzania,Arusha,2023-08-13,Cholera,0.0,1.9380726860795152
Tanzania,Arusha,2023-08-13,E. coli,0.0,1.9397533557640205
Tanzania,Arusha,2023-08-13,Salmonella,0.0,1.8924128931194295
Tanzania,Arusha,2023-08-13,Shigella,4.32,2.094244149138423
Tanzania,Arusha,2023-08-13,Rotavirus,3.14,1.8896948284959805
Tanzania,Arusha,2023-08-20,Cholera,0.0,1.9380726860795152
Tanzania,Arusha,2023-08-20,E. coli,1.12,1.9397533557640205
Tanzania,Arusha,2023-08-20,Salmonella,0.0,1.8924128931194295
Tanzania,Arusha,2023-08-20,Shigella,0.0,2.094244149138423
Tanzania,Arusha,2023-08-20,Rotavirus,5.69,1.8896948284959805
Tanzania,Arusha,2023-08-27,Cholera,5.5,1.9380726860795152
Tanzania,Arusha,2023-08-27,E. coli,7.9,1.9397533557640205
Tanzania,Arusha,2023-08-27,Salmonella,4.31,1.8924128931194295
Tanzania,Arusha,2023-08-27,Shigella,1.55,2.094244149138423
Tanzania,Arusha,2023-08-27,Rotavirus,4.03,1.8896948284959805
Tanzania,Arusha,2023-09-03,Cholera,0.0,1.9380726860795152
Tanzania,Arusha,2023-09-03,E. coli,3.62,1.9397533557640205
Tanzania,Arusha,2023-09-03,Salmonella,4.49,1.8924128931194295
Tanzania,Arusha,2023-09-03,Shigella,0.0,2.094244149138423
Tanzania,Arusha,2023-09-03,Rotavirus,0.24,1.8896948284959805
Tanzania,Arusha,2023-09-10,Cholera,0.0,1.9380726860795152
Tanzania,Arusha,2023-09-10,E. coli,0.0,1.9397533557640205
Tanzania,Arusha,2023-09-10,Salmonella,0.82,1.8924128931194295
Tanzania,Arusha,2023-09-10,Shigella,1.33,2.094244149138423
Tanzania,Arusha,2023-09-10,Rotavirus,0.0,1.8896948284959805
Tanzania,Arusha,2023-09-17,Cholera,0.0,1.9380726860795152
Tanzania,Arusha,2023-09-17,E. coli,3.14,1.9397533557640205
Tanzania,Arusha,2023-09-17,Salmonella,1.79,1.8924128931194295
Tanzania,Arusha,2023-09-17,Shigella,0.0,2.094244149138423
Tanzania,Arusha,2023-09-17,Rotavirus,0.0,1.8896948284959805
Tanzania,Arusha,2023-09-24,Cholera,8.73,1.9380726860795152
Tanzania,Arusha,2023-09-24,E. coli,0.0,1.9397533557640205
Tanzania,Arusha,2023-09-24,Salmonella,0.0,1.8924128931194295
Tanzania,Arusha,2023-09-24,Shigella,0.0,2.094244149138423
Tanzania,Arusha,2023-09-24,Rotavirus,10.98,1.8896948284959805
Tanzania,Arusha,2023-10-01,Cholera,0.0,1.9380726860795152
Tanzania,Arusha,2023-10-01,E. coli,0.0,1.9397533557640205
Tanzania,Arusha,2023-10-01,Salmonella,2.7,1.8924128931194295
Tanzania,Arusha,2023-10-01,Shigella,2.36,2.094244149138423
Tanzania,Arusha,2023-10-01,Rotavirus,0.0,1.8896948284959805
Tanzania,Arusha,2023-10-08,Cholera,6.88,1.9380726860795152
Tanzania,Arusha,2023-10-08,E. coli,3.81,1.9397533557640205
Tanzania,Arusha,2023-10-08,Salmonella,0.0,1.8924128931194295
Tanzania,Arusha,2023-10-08,Shigella,0.0,2.094244149138423
Tanzania,Arusha,2023-10-08,Rotavirus,0.74,1.8896948284959805
Tanzania,Arusha,2023-10-15,Cholera,4.07,1.9380726860795152
Tanzania,Arusha,2023-10-15,E. coli,8.88,1.9397533557640205
Tanzania,Arusha,2023-10-15,Salmonella,1.54,1.8924128931194295
Tanzania,Arusha,2023-10-15,Shigella,0.0,2.094244149138423
Tanzania,Arusha,2023-10-15,Rotavirus,6.36,1.8896948284959805
Tanzania,Arusha,2023-10-22,Cholera,5.56,1.9380726860795152
Tanzania,Arusha,2023-10-22,E. coli,10.96,8.659538684240898
Tanzania,Arusha,2023-10-22,Salmonella,0.0,1.8924128931194295
Tanzania,Arusha,2023-10-22,Shigella,1.26,2.094244149138423
Tanzania,Arusha,2023-10-22,Rotavirus,0.0,1.8896948284959805
Tanzania,Arusha,2023-10-29,Cholera,0.69,1.9380726860795152
Tanzania,Arusha,2023-10-29,E. coli,0.0,1.9397533557640205
Tanzania,Arusha,2023-10-29,Salmonella,0.17,1.8924128931194295
Tanzania,Arusha,2023-10-29,Shigella,0.0,2.094244149138423
Tanzania,Arusha,2023-10-29,Rotavirus,5.12,1.8896948284959805
Tanzania,Arusha,2023-11-05,Cholera,0.0,1.9380726860795152
Tanzania,Arusha,2023-11-05,E. coli,0.0,1.9397533557640205
Tanzania,Arusha,2023-11-05,Salmonella,0.0,1.8924128931194295
Tanzania,Arusha,2023-11-05,Shigella,5.04,2.094244149138423
Tanzania,Arusha,2023-11-05,Rotavirus,0.0,1.8896948284959805
Tanzania,Arusha,2023-11-12,Cholera,2.33,1.9380726860795152
Tanzania,Arusha,2023-11-12,E. coli,0.0,1.9397533557640205
Tanzania,Arusha,2023-11-12,Salmonella,0.0,1.8924128931194295
Tanzania,Arusha,2023-11-12,Shigella,0.0,2.094244149138423
Tanzania,Arusha,2023-11-12,Rotavirus,0.0,1.8896948284959805
Tanzania,Arusha,2023-11-19,Cholera,0.0,1.9380726860795152
Tanzania,Arusha,2023-11-19,E. coli,3.44,1.9397533557640205
Tanzania,Arusha,2023-11-19,Salmonella,0.16,1.8924128931194295
Tanzania,Arusha,2023-11-19,Shigella,1.34,2.094244149138423
Tanzania,Arusha,2023-11-19,Rotavirus,0.0,1.8896948284959805
Tanzania,Arusha,2023-11-26,Cholera,0.0,1.9380726860795152
Tanzania,Arusha,2023-11-26,E. coli,0.0,1.9397533557640205
Tanzania,Arusha,2023-11-26,Salmonella,1.56,1.8924128931194295
Tanzania,Arusha,2023-11-26,Shigella,2.98,2.094244149138423
Tanzania,Arusha,2023-11-26,Rotavirus,0.0,1.8896948284959805
Tanzania,Arusha,2023-12-03,Cholera,0.66,1.9380726860795152
Tanzania,Arusha,2023-12-03,E. coli,0.0,1.9397533557640205
Tanzania,Arusha,2023-12-03,Salmonella,0.0,1.8924128931194295
Tanzania,Arusha,2023-12-03,Shigella,9.89,2.094244149138423
Tanzania,Arusha,2023-12-03,Rotavirus,0.0,1.8896948284959805
Tanzania,Arusha,2023-12-10,Cholera,0.26,1.9380726860795152
Tanzania,Arusha,2023-12-10,E. coli,0.04,1.9397533557640205
Tanzania,Arusha,2023-12-10,Salmonella,0.0,1.8924128931194295
Tanzania,Arusha,2023-12-10,Shigella,0.0,2.094244149138423
Tanzania,Arusha,2023-12-10,Rotavirus,0.0,1.8896948284959805
Tanzania,Arusha,2023-12-17,Cholera,8.3,2.0264735745771607
Tanzania,Arusha,2023-12-17,E. coli,2.63,2.0205634041244256
Tanzania,Arusha,2023-12-17,Salmonella,0.0,1.8924128931194295
Tanzania,Arusha,2023-12-17,Shigella,6.89,2.351221167366034
Tanzania,Arusha,2023-12-17,Rotavirus,2.27,1.8896948284959805
Tanzania,Arusha,2023-12-24,Cholera,3.55,3.173985226444433
Tanzania,Arusha,2023-12-24,E. coli,7.54,9.109098271304127
Tanzania,Arusha,2023-12-24,Salmonella,2.46,2.4734645003920357
Tanzania,Arusha,2023-12-24,Shigella,0.0,2.351221167366034
Tanzania,Arusha,2023-12-24,Rotavirus,8.6,2.377107356183531
Tanzania,Mwanza,2023-01-01,Cholera,3.25,2.473315666714404
Tanzania,Mwanza,2023-01-01,E. coli,0.0,2.968881644743158
Tanzania,Mwanza,2023-01-01,Salmonella,0.0,2.6117143665538647
Tanzania,Mwanza,2023-01-01,Shigella,4.21,2.5933059239114464
Tanzania,Mwanza,2023-01-01,Rotavirus,0.0,3.130395475022624
Tanzania,Mwanza,2023-01-08,Cholera,0.03,3.1623485477840956
Tanzania,Mwanza,2023-01-08,E. coli,1.57,3.0746049310710104
Tanzania,Mwanza,2023-01-08,Salmonella,0.0,3.26205601044156
Tanzania,Mwanza,2023-01-08,Shigella,4.8,3.263283455846938
Tanzania,Mwanza,2023-01-08,Rotavirus,3.18,3.2021309140552354
Tanzania,Mwanza,2023-01-15,Cholera,0.0,3.056625261456243
Tanzania,Mwanza,2023-01-15,E. coli,1.54,3.0284674617662586
Tanzania,Mwanza,2023-01-15,Salmonella,0.0,3.2294451037615564
Tanzania,Mwanza,2023-01-15,Shigella,1.78,3.3545820027444755
Tanzania,Mwanza,2023-01-15,Rotavirus,6.78,3.3763901930316615
Tanzania,Mwanza,2023-01-22,Cholera,0.0,3.056625261456243
Tanzania,Mwanza,2023-01-22,E. coli,0.0,2.7839108582620096
Tanzania,Mwanza,2023-01-22,Salmonella,11.8,9.604085966794926
Tanzania,Mwanza,2023-01-22,Shigella,4.69,3.7231940990572405
Tanzania,Mwanza,2023-01-22,Rotavirus,0.0,3.130395475022624
Tanzania,Mwanza,2023-01-29,Cholera,5.45,4.691216551508416
Tanzania,Mwanza,2023-01-29,E. coli,0.0,4.874051937400308
Tanzania,Mwanza,2023-01-29,Salmonella,6.58,2.6117143665538647
Tanzania,Mwanza,2023-01-29,Shigella,0.27,3.405312867211689
Tanzania,Mwanza,2023-01-29,Rotavirus,7.67,3.2021309140552354
Tanzania,Mwanza,2023-02-05,Cholera,5.02,5.19497219245103
Tanzania,Mwanza,2023-02-05,E. coli,0.23,4.874051937400308
Tanzania,Mwanza,2023-02-05,Salmonella,11.62,10.165855041346038
Tanzania,Mwanza,2023-02-05,Shigella,7.81,4.7685357477926145
Tanzania,Mwanza,2023-02-05,Rotavirus,14.6,12.010774707593336
Tanzania,Mwanza,2023-02-12,Cholera,0.0,4.985685844360553
Tanzania,Mwanza,2023-02-12,E. coli,1.81,5.922918825551219
Tanzania,Mwanza,2023-02-12,Salmonella,0.0,3.2294451037615564
Tanzania,Mwanza,2023-02-12,Shigella,0.0,4.697580653698235
Tanzania,Mwanza,2023-02-12,Rotavirus,2.51,4.475622772768571
Tanzania,Mwanza,2023-02-19,Cholera,3.45,3.4810109876978625
Tanzania,Mwanza,2023-02-19,E. coli,0.0,4.841443843377543
Tanzania,Mwanza,2023-02-19,Salmonella,5.77,3.456731882258881
Tanzania,Mwanza,2023-02-19,Shigella,0.0,4.988840817341151
Tanzania,Mwanza,2023-02-19,Rotavirus,8.74,9.861832506070051
Tanzania,Mwanza,2023-02-26,Cholera,5.06,4.691216551508416
Tanzania,Mwanza,2023-02-26,E. coli,6.2,5.119802222227891
Tanzania,Mwanza,2023-02-26,Salmonella,0.0,4.029683614175326
Tanzania,Mwanza,2023-02-26,Shigella,0.74,5.047868012206989
Tanzania,Mwanza,2023-02-26,Rotavirus,0.95,4.736842181045167
Tanzania,Mwanza,2023-03-05,Cholera,0.0,4.7660404507373
Tanzania,Mwanza,2023-03-05,E. coli,8.31,6.323232210788138
Tanzania,Mwanza,2023-03-05,Salmonella,5.12,8.4852375590281
Tanzania,Mwanza,2023-03-05,Shigella,7.27,4.672277387951638
Tanzania,Mwanza,2023-03-05,Rotavirus,20.46,9.493917919169498
Tanzania,Mwanza,2023-03-12,Cholera,5.42,5.496761788515133
Tanzania,Mwanza,2023-03-12,E. coli,7.82,5.191676320933916
Tanzania,Mwanza,2023-03-12,Salmonella,9.34,4.045794528177115
Tanzania,Mwanza,2023-03-12,Shigella,0.0,5.378034514092423
Tanzania,Mwanza,2023-03-12,Rotavirus,0.0,5.15625187339311
Tanzania,Mwanza,2023-03-19,Cholera,2.19,5.247771990612529
Tanzania,Mwanza,2023-03-19,E. coli,0.73,4.841443843377543
Tanzania,Mwanza,2023-03-19,Salmonella,8.35,4.029683614175326
Tanzania,Mwanza,2023-03-19,Shigella,10.64,4.672277387951638
Tanzania,Mwanza,2023-03-19,Rotavirus,8.2,4.826991632935283
Tanzania,Mwanza,2023-03-26,Cholera,11.1,5.247771990612529
Tanzania,Mwanza,2023-03-26,E. coli,14.55,6.323232210788138
Tanzania,Mwanza,2023-03-26,Salmonella,9.21,5.245681408900031
Tanzania,Mwanza,2023-03-26,Shigella,16.67,8.389494012317606
Tanzania,Mwanza,2023-03-26,Rotavirus,1.6,4.974236190886803
Tanzania,Mwanza,2023-04-02,Cholera,9.42,9.802972060341475
Tanzania,Mwanza,2023-04-02,E. coli,13.48,6.374726380432986
Tanzania,Mwanza,2023-04-02,Salmonella,13.95,5.007548913711157
Tanzania,Mwanza,2023-04-02,Shigella,5.29,5.018927142566704
Tanzania,Mwanza,2023-04-02,Rotavirus,8.55,5.2108551262605936
Tanzania,Mwanza,2023-04-09,Cholera,0.0,5.494144225630886
Tanzania,Mwanza,2023-04-09,E. coli,2.46,6.323232210788138
Tanzania,Mwanza,2023-04-09,Salmonella,0.85,4.029683614175326
Tanzania,Mwanza,2023-04-09,Shigella,5.03,5.047868012206989
Tanzania,Mwanza,2023-04-09,Rotavirus,10.27,5.2108551262605936
Tanzania,Mwanza,2023-04-16,Cholera,9.12,5.494144225630886
Tanzania,Mwanza,2023-04-16,E. coli,0.0,5.883476263995719
Tanzania,Mwanza,2023-04-16,Salmonella,0.0,4.396027005733489
Tanzania,Mwanza,2023-04-16,Shigella,5.54,4.1059300309988815
Tanzania,Mwanza,2023-04-16,Rotavirus,0.0,4.826991632935283
Tanzania,Mwanza,2023-04-23,Cholera,10.64,4.7660404507373
Tanzania,Mwanza,2023-04-23,E. coli,6.94,5.119802222227891
Tanzania,Mwanza,2023-04-23,Salmonella,4.45,4.045794528177115
Tanzania,Mwanza,2023-04-23,Shigella,6.94,9.379388031651247
Tanzania,Mwanza,2023-04-23,Rotavirus,6.72,5.258950812601785
Tanzania,Mwanza,2023-04-30,Cholera,7.45,3.354048397293566
Tanzania,Mwanza,2023-04-30,E. coli,12.94,5.191676320933916
Tanzania,Mwanza,2023-04-30,Salmonella,7.51,4.388074690130853
Tanzania,Mwanza,2023-04-30,Shigella,4.89,4.7685357477926145
Tanzania,Mwanza,2023-04-30,Rotavirus,0.2,5.258950812601785
Tanzania,Mwanza,2023-05-07,Cholera,10.46,3.6765678993594224
Tanzania,Mwanza,2023-05-07,E. coli,1.77,5.922918825551219
Tanzania,Mwanza,2023-05-07,Salmonella,0.0,5.2140206289975195
Tanzania,Mwanza,2023-05-07,Shigella,5.96,4.672277387951638
Tanzania,Mwanza,2023-05-07,Rotavirus,2.85,4.993629794625949
Tanzania,Mwanza,2023-05-14,Cholera,5.09,4.084609012454179
Tanzania,Mwanza,2023-05-14,E. coli,1.57,5.883476263995719
Tanzania,Mwanza,2023-05-14,Salmonella,0.0,4.045794528177115
Tanzania,Mwanza,2023-05-14,Shigella,0.0,5.018927142566704
Tanzania,Mwanza,2023-05-14,Rotavirus,7.64,4.993629794625949
Tanzania,Mwanza,2023-05-21,Cholera,9.37,4.985303219372035
Tanzania,Mwanza,2023-05-21,E. coli,7.28,5.119802222227891
Tanzania,Mwanza,2023-05-21,Salmonella,0.69,4.365905407027462
Tanzania,Mwanza,2023-05-21,Shigella,5.0,4.1059300309988815
Tanzania,Mwanza,2023-05-21,Rotavirus,6.64,3.1020184634451544
Tanzania,Mwanza,2023-05-28,Cholera,9.7,4.985685844360553
Tanzania,Mwanza,2023-05-28,E. coli,10.17,5.119802222227891
Tanzania,Mwanza,2023-05-28,Salmonella,0.0,3.2294451037615564
Tanzania,Mwanza,2023-05-28,Shigella,8.41,4.989223442329667
Tanzania,Mwanza,2023-05-28,Rotavirus,16.57,12.915212001160771
Tanzania,Mwanza,2023-06-04,Cholera,1.39,3.2077773081247445
Tanzania,Mwanza,2023-06-04,E. coli,7.78,4.841443843377543
Tanzania,Mwanza,2023-06-04,Salmonella,0.0,4.388074690130853
Tanzania,Mwanza,2023-06-04,Shigella,0.0,3.4852622009669276
Tanzania,Mwanza,2023-06-04,Rotavirus,3.18,4.974236190886803
Tanzania,Mwanza,2023-06-11,Cholera,7.41,3.2077773081247445
Tanzania,Mwanza,2023-06-11,E. coli,9.01,4.090078303567768
Tanzania,Mwanza,2023-06-11,Salmonella,0.0,4.235731660081125
Tanzania,Mwanza,2023-06-11,Shigella,7.9,3.36900674217479
Tanzania,Mwanza,2023-06-11,Rotavirus,0.0,3.4192688334347237
Tanzania,Mwanza,2023-06-18,Cholera,0.0,3.056625261456243
Tanzania,Mwanza,2023-06-18,E. coli,10.37,3.0746049310710104
Tanzania,Mwanza,2023-06-18,Salmonella,0.0,3.383004448087505
Tanzania,Mwanza,2023-06-18,Shigella,5.1,3.36900674217479
Tanzania,Mwanza,2023-06-18,Rotavirus,7.51,3.3763901930316615
Tanzania,Mwanza,2023-06-25,Cholera,2.29,3.1623485477840956
Tanzania,Mwanza,2023-06-25,E. coli,4.82,3.0746049310710104
Tanzania,Mwanza,2023-06-25,Salmonella,0.0,3.3648276867071325
Tanzania,Mwanza,2023-06-25,Shigella,6.87,3.186811295852944
Tanzania,Mwanza,2023-06-25,Rotavirus,11.98,3.2021309140552354
Tanzania,Mwanza,2023-07-02,Cholera,4.59,3.1623485477840956
Tanzania,Mwanza,2023-07-02,E. coli,0.0,1.7802932188162155
Tanzania,Mwanza,2023-07-02,Salmonella,0.0,1.830303568346777
Tanzania,Mwanza,2023-07-02,Shigella,0.0,3.405312867211689
Tanzania,Mwanza,2023-07-02,Rotavirus,8.34,2.4533734628468373
Tanzania,Mwanza,2023-07-09,Cholera,0.0,2.473315666714404
Tanzania,Mwanza,2023-07-09,E. coli,0.0,2.116922524856584
Tanzania,Mwanza,2023-07-09,Salmonella,0.2,3.068462809881658
Tanzania,Mwanza,2023-07-09,Shigella,6.67,2.3697325554415216
Tanzania,Mwanza,2023-07-09,Rotavirus,7.46,3.130395475022624
Tanzania,Mwanza,2023-07-16,Cholera,1.93,2.1649724976502203
Tanzania,Mwanza,2023-07-16,E. coli,11.45,2.116922524856584
Tanzania,Mwanza,2023-07-16,Salmonella,0.0,2.451206627477695
Tanzania,Mwanza,2023-07-16,Shigella,4.44,2.3697325554415216
Tanzania,Mwanza,2023-07-16,Rotavirus,0.0,1.780194760796449
Tanzania,Mwanza,2023-07-23,Cholera,0.83,1.707530997331813
Tanzania,Mwanza,2023-07-23,E. coli,0.0,1.6622005071812
Tanzania,Mwanza,2023-07-23,Salmonella,4.73,1.6667136974438728
Tanzania,Mwanza,2023-07-23,Shigella,1.94,1.993786457214448
Tanzania,Mwanza,2023-07-23,Rotavirus,0.0,1.671604555798387
Tanzania,Mwanza,2023-07-30,Cholera,7.38,1.707530997331813
Tanzania,Mwanza,2023-07-30,E. coli,0.31,1.6622005071812
Tanzania,Mwanza,2023-07-30,Salmonella,0.0,1.6667136974438728
Tanzania,Mwanza,2023-07-30,Shigella,7.27,1.993786457214448
Tanzania,Mwanza,2023-07-30,Rotavirus,2.14,1.671604555798387
Tanzania,Mwanza,2023-08-06,Cholera,0.0,1.707530997331813
Tanzania,Mwanza,2023-08-06,E. coli,0.0,1.6622005071812
Tanzania,Mwanza,2023-08-06,Salmonella,0.0,1.6667136974438728
Tanzania,Mwanza,2023-08-06,Shigella,5.0,1.993786457214448
Tanzania,Mwanza,2023-08-06,Rotavirus,4.38,1.671604555798387
Tanzania,Mwanza,2023-08-13,Cholera,0.74,1.707530997331813
Tanzania,Mwanza,2023-08-13,E. coli,0.0,1.6622005071812
Tanzania,Mwanza,2023-08-13,Salmonella,3.82,5.2140206289975195
Tanzania,Mwanza,2023-08-13,Shigella,3.3,1.993786457214448
Tanzania,Mwanza,2023-08-13,Rotavirus,0.0,1.671604555798387
Tanzania,Mwanza,2023-08-20,Cholera,0.0,1.707530997331813
Tanzania,Mwanza,2023-08-20,E. coli,0.0,1.6622005071812
Tanzania,Mwanza,2023-08-20,Salmonella,5.15,1.6667136974438728
Tanzania,Mwanza,2023-08-20,Shigella,0.0,1.993786457214448
Tanzania,Mwanza,2023-08-20,Rotavirus,0.0,1.671604555798387
Tanzania,Mwanza,2023-08-27,Cholera,0.0,1.707530997331813
Tanzania,Mwanza,2023-08-27,E. coli,1.86,1.6622005071812
Tanzania,Mwanza,2023-08-27,Salmonella,0.0,1.6667136974438728
Tanzania,Mwanza,2023-08-27,Shigella,0.0,1.993786457214448
Tanzania,Mwanza,2023-08-27,Rotavirus,5.74,1.671604555798387
Tanzania,Mwanza,2023-09-03,Cholera,3.16,1.707530997331813
Tanzania,Mwanza,2023-09-03,E. coli,0.87,1.6622005071812
Tanzania,Mwanza,2023-09-03,Salmonella,2.76,1.6667136974438728
Tanzania,Mwanza,2023-09-03,Shigella,3.98,1.993786457214448
Tanzania,Mwanza,2023-09-03,Rotavirus,0.0,1.671604555798387
Tanzania,Mwanza,2023-09-10,Cholera,0.0,1.707530997331813
Tanzania,Mwanza,2023-09-10,E. coli,7.22,10.079020175305917
Tanzania,Mwanza,2023-09-10,Salmonella,0.0,1.6667136974438728
Tanzania,Mwanza,2023-09-10,Shigella,0.0,1.993786457214448
Tanzania,Mwanza,2023-09-10,Rotavirus,0.0,1.671604555798387
Tanzania,Mwanza,2023-09-17,Cholera,7.36,1.707530997331813
Tanzania,Mwanza,2023-09-17,E. coli,0.0,1.6622005071812
Tanzania,Mwanza,2023-09-17,Salmonella,2.98,1.6667136974438728
Tanzania,Mwanza,2023-09-17,Shigella,3.44,1.993786457214448
Tanzania,Mwanza,2023-09-17,Rotavirus,3.05,1.671604555798387
Tanzania,Mwanza,2023-09-24,Cholera,7.1,1.707530997331813
Tanzania,Mwanza,2023-09-24,E. coli,0.0,1.6622005071812
Tanzania,Mwanza,2023-09-24,Salmonella,0.0,1.6667136974438728
Tanzania,Mwanza,2023-09-24,Shigella,0.0,1.993786457214448
Tanzania,Mwanza,2023-09-24,Rotavirus,0.0,1.671604555798387
Tanzania,Mwanza,2023-10-01,Cholera,1.21,1.707530997331813
Tanzania,Mwanza,2023-10-01,E. coli,0.0,1.6622005071812
Tanzania,Mwanza,2023-10-01,Salmonella,0.0,1.6667136974438728
Tanzania,Mwanza,2023-10-01,Shigella,0.41,1.993786457214448
Tanzania,Mwanza,2023-10-01,Rotavirus,2.37,1.671604555798387
Tanzania,Mwanza,2023-10-08,Cholera,0.0,1.707530997331813
Tanzania,Mwanza,2023-10-08,E. coli,2.62,1.6622005071812
Tanzania,Mwanza,2023-10-08,Salmonella,0.0,1.6667136974438728
Tanzania,Mwanza,2023-10-08,Shigella,0.0,1.993786457214448
Tanzania,Mwanza,2023-10-08,Rotavirus,0.0,1.671604555798387
Tanzania,Mwanza,2023-10-15,Cholera,0.0,1.707530997331813
Tanzania,Mwanza,2023-10-15,E. coli,0.0,1.6622005071812
Tanzania,Mwanza,2023-10-15,Salmonella,0.0,1.6667136974438728
Tanzania,Mwanza,2023-10-15,Shigella,0.0,1.993786457214448
Tanzania,Mwanza,2023-10-15,Rotavirus,5.92,9.817054710516565
Tanzania,Mwanza,2023-10-22,Cholera,0.3,1.707530997331813
Tanzania,Mwanza,2023-10-22,E. coli,0.0,1.6622005071812
Tanzania,Mwanza,2023-10-22,Salmonella,0.36,1.6667136974438728
Tanzania,Mwanza,2023-10-22,Shigella,6.73,1.993786457214448
Tanzania,Mwanza,2023-10-22,Rotavirus,0.0,1.671604555798387
Tanzania,Mwanza,2023-10-29,Cholera,0.0,1.707530997331813
Tanzania,Mwanza,2023-10-29,E. coli,0.0,1.6622005071812
Tanzania,Mwanza,2023-10-29,Salmonella,0.0,1.6667136974438728
Tanzania,Mwanza,2023-10-29,Shigella,0.0,1.993786457214448
Tanzania,Mwanza,2023-10-29,Rotavirus,2.96,1.671604555798387
Tanzania,Mwanza,2023-11-05,Cholera,0.0,1.707530997331813
Tanzania,Mwanza,2023-11-05,E. coli,0.0,1.6622005071812
Tanzania,Mwanza,2023-11-05,Salmonella,6.81,1.6667136974438728
Tanzania,Mwanza,2023-11-05,Shigella,0.23,1.993786457214448
Tanzania,Mwanza,2023-11-05,Rotavirus,0.0,1.671604555798387
Tanzania,Mwanza,2023-11-12,Cholera,3.49,1.707530997331813
Tanzania,Mwanza,2023-11-12,E. coli,0.0,1.6622005071812
Tanzania,Mwanza,2023-11-12,Salmonella,0.0,1.6667136974438728
Tanzania,Mwanza,2023-11-12,Shigella,1.89,1.993786457214448
Tanzania,Mwanza,2023-11-12,Rotavirus,10.6,1.671604555798387
Tanzania,Mwanza,2023-11-19,Cholera,0.0,1.707530997331813
Tanzania,Mwanza,2023-11-19,E. coli,2.13,1.6622005071812
Tanzania,Mwanza,2023-11-19,Salmonella,0.12,1.6667136974438728
Tanzania,Mwanza,2023-11-19,Shigella,0.0,1.993786457214448
Tanzania,Mwanza,2023-11-19,Rotavirus,0.0,1.671604555798387
Tanzania,Mwanza,2023-11-26,Cholera,2.28,1.707530997331813
Tanzania,Mwanza,2023-11-26,E. coli,0.0,1.6622005071812
Tanzania,Mwanza,2023-11-26,Salmonella,0.0,1.6667136974438728
Tanzania,Mwanza,2023-11-26,Shigella,2.68,1.993786457214448
Tanzania,Mwanza,2023-11-26,Rotavirus,1.52,1.671604555798387
Tanzania,Mwanza,2023-12-03,Cholera,0.0,1.707530997331813
Tanzania,Mwanza,2023-12-03,E. coli,0.0,1.6622005071812
Tanzania,Mwanza,2023-12-03,Salmonella,0.24,1.6667136974438728
Tanzania,Mwanza,2023-12-03,Shigella,0.0,1.993786457214448
Tanzania,Mwanza,2023-12-03,Rotavirus,6.17,1.671604555798387
Tanzania,Mwanza,2023-12-10,Cholera,0.0,1.707530997331813
Tanzania,Mwanza,2023-12-10,E. coli,0.24,1.6622005071812
Tanzania,Mwanza,2023-12-10,Salmonella,0.0,1.6667136974438728
Tanzania,Mwanza,2023-12-10,Shigella,8.06,1.993786457214448
Tanzania,Mwanza,2023-12-10,Rotavirus,0.77,1.671604555798387
Tanzania,Mwanza,2023-12-17,Cholera,6.6,2.1649724976502203
Tanzania,Mwanza,2023-12-17,E. coli,0.0,2.3560672490825927
Tanzania,Mwanza,2023-12-17,Salmonella,3.55,1.830303568346777
Tanzania,Mwanza,2023-12-17,Shigella,0.0,2.3697325554415216
Tanzania,Mwanza,2023-12-17,Rotavirus,0.0,2.120784160084662
Tanzania,Mwanza,2023-12-24,Cholera,10.13,9.586436725617364
Tanzania,Mwanza,2023-12-24,E. coli,0.0,2.968881644743158
Tanzania,Mwanza,2023-12-24,Salmonella,7.14,2.451206627477695
Tanzania,Mwanza,2023-12-24,Shigella,2.02,3.405312867211689
Tanzania,Mwanza,2023-12-24,Rotavirus,1.52,2.120784160084662
Burundi,Bujumbura,2023-01-01,Cholera,0.03,2.2617824384602816
Burundi,Bujumbura,2023-01-01,E. coli,2.36,2.0218261328219107
Burundi,Bujumbura,2023-01-01,Salmonella,5.11,2.100592951662228
Burundi,Bujumbura,2023-01-01,Shigella,0.0,2.8469874752432487
Burundi,Bujumbura,2023-01-01,Rotavirus,0.0,3.08793434519981
Burundi,Bujumbura,2023-01-08,Cholera,0.0,2.5167559992654
Burundi,Bujumbura,2023-01-08,E. coli,0.0,2.2299604560600756
Burundi,Bujumbura,2023-01-08,Salmonella,0.0,2.8512111517448853
Burundi,Bujumbura,2023-01-08,Shigella,8.59,2.444825196333438
Burundi,Bujumbura,2023-01-08,Rotavirus,0.0,3.5707710203642087
Burundi,Bujumbura,2023-01-15,Cholera,0.0,2.8019904996628626
Burundi,Bujumbura,2023-01-15,E. coli,2.72,2.708559210514285
Burundi,Bujumbura,2023-01-15,Salmonella,5.01,3.678369990053439
Burundi,Bujumbura,2023-01-15,Shigella,7.21,3.063420613365391
Burundi,Bujumbura,2023-01-15,Rotavirus,0.0,2.904845638474652
Burundi,Bujumbura,2023-01-22,Cholera,0.0,3.2720411422592544
Burundi,Bujumbura,2023-01-22,E. coli,0.0,3.1910153883455274
Burundi,Bujumbura,2023-01-22,Salmonella,13.8,3.1038808241133244
Burundi,Bujumbura,2023-01-22,Shigella,6.07,3.0812309503749655
Burundi,Bujumbura,2023-01-22,Rotavirus,3.47,2.904845638474652
Burundi,Bujumbura,2023-01-29,Cholera,0.79,3.376489073993793
Burundi,Bujumbura,2023-01-29,E. coli,3.29,3.2216543493710517
Burundi,Bujumbura,2023-01-29,Salmonella,8.42,3.722627589495159
Burundi,Bujumbura,2023-01-29,Shigella,6.34,3.798147484761896
Burundi,Bujumbura,2023-01-29,Rotavirus,1.2,3.3930486776573003
Burundi,Bujumbura,2023-02-05,Cholera,0.52,3.7337169866092834
Burundi,Bujumbura,2023-02-05,E. coli,8.94,9.585962172650639
Burundi,Bujumbura,2023-02-05,Salmonella,0.0,3.4369832500413184
Burundi,Bujumbura,2023-02-05,Shigella,0.0,3.680929219618837
Burundi,Bujumbura,2023-02-05,Rotavirus,11.95,9.386604942950862
Burundi,Bujumbura,2023-02-12,Cholera,10.71,3.376489073993793
Burundi,Bujumbura,2023-02-12,E. coli,0.35,5.523517446573554
Burundi,Bujumbura,2023-02-12,Salmonella,0.0,3.678369990053439
Burundi,Bujumbura,2023-02-12,Shigella,9.43,3.698095547087489
Burundi,Bujumbura,2023-02-12,Rotavirus,0.0,3.6829684727319836
Burundi,Bujumbura,2023-02-19,Cholera,7.05,3.5806236064461223
Burundi,Bujumbura,2023-02-19,E. coli,2.62,5.576412875810178
Burundi,Bujumbura,2023-02-19,Salmonella,1.88,3.6612036625847875
Burundi,Bujumbura,2023-02-19,Shigella,9.09,3.698095547087489
Burundi,Bujumbura,2023-02-19,Rotavirus,0.0,4.8694417223101025
Burundi,Bujumbura,2023-02-26,Cholera,4.67,5.070039826638051
Burundi,Bujumbura,2023-02-26,E. coli,8.61,5.453190411916319
Burundi,Bujumbura,2023-02-26,Salmonella,4.0,4.91905213909067
Burundi,Bujumbura,2023-02-26,Shigella,2.34,4.982463778586815
Burundi,Bujumbura,2023-02-26,Rotavirus,11.63,3.751992339793374
Burundi,Bujumbura,2023-03-05,Cholera,11.77,9.442039935494757
Burundi,Bujumbura,2023-03-05,E. coli,6.54,3.573551724069424
Burundi,Bujumbura,2023-03-05,Salmonella,8.48,4.959686193660099
Burundi,Bujumbura,2023-03-05,Shigella,14.88,5.039433576638052
Burundi,Bujumbura,2023-03-05,Rotavirus,0.92,3.3930486776573003
Burundi,Bujumbura,2023-03-12,Cholera,0.0,3.6032691926375207
Burundi,Bujumbura,2023-03-12,E. coli,14.34,5.679417855208328
Burundi,Bujumbura,2023-03-12,Salmonella,8.09,3.3356937123922914
Burundi,Bujumbura,2023-03-12,Shigella,12.77,3.798147484761896
Burundi,Bujumbura,2023-03-12,Rotavirus,1.3,3.5707710203642087
Burundi,Bujumbura,2023-03-19,Cholera,1.37,3.7337169866092834
Burundi,Bujumbura,2023-03-19,E. coli,1.76,3.573551724069424
Burundi,Bujumbura,2023-03-19,Salmonella,0.0,3.6612036625847875
Burundi,Bujumbura,2023-03-19,Shigella,3.03,3.8444749554021826
Burundi,Bujumbura,2023-03-19,Rotavirus,2.47,5.8779870163627574
Burundi,Bujumbura,2023-03-26,Cholera,14.61,9.485384326637922
Burundi,Bujumbura,2023-03-26,E. coli,7.97,5.453190411916319
Burundi,Bujumbura,2023-03-26,Salmonella,0.0,4.867046079014016
Burundi,Bujumbura,2023-03-26,Shigella,7.96,5.0611038833419215
Burundi,Bujumbura,2023-03-26,Rotavirus,6.35,3.282652545419085
Burundi,Bujumbura,2023-04-02,Cholera,2.25,3.04879509575801
Burundi,Bujumbura,2023-04-02,E. coli,10.13,5.453190411916319
Burundi,Bujumbura,2023-04-02,Salmonella,6.06,3.8398983376575773
Burundi,Bujumbura,2023-04-02,Shigella,11.15,5.039433576638052
Burundi,Bujumbura,2023-04-02,Rotavirus,7.81,4.919088721746976
Burundi,Bujumbura,2023-04-09,Cholera,3.88,3.7337169866092834
Burundi,Bujumbura,2023-04-09,E. coli,2.61,5.5935384078066
Burundi,Bujumbura,2023-04-09,Salmonella,15.25,4.8753736448229485
Burundi,Bujumbura,2023-04-09,Shigella,0.0,3.798147484761896
Burundi,Bujumbura,2023-04-09,Rotavirus,19.12,3.751992339793374
Burundi,Bujumbura,2023-04-16,Cholera,8.02,9.442039935494757
Burundi,Bujumbura,2023-04-16,E. coli,7.85,3.710054297221618
Burundi,Bujumbura,2023-04-16,Salmonella,14.99,9.997978573073402
Burundi,Bujumbura,2023-04-16,Shigella,3.19,5.0669465685263875
Burundi,Bujumbura,2023-04-16,Rotavirus,4.68,4.919088721746976
Burundi,Bujumbura,2023-04-23,Cholera,0.0,3.376489073993793
Burundi,Bujumbura,2023-04-23,E. coli,9.54,5.576412875810178
Burundi,Bujumbura,2023-04-23,Salmonella,5.95,3.638558076393388
Burundi,Bujumbura,2023-04-23,Shigella,0.0,3.7291236177005054
Burundi,Bujumbura,2023-04-23,Rotavirus,3.78,4.938568548232158
Burundi,Bujumbura,2023-04-30,Cholera,11.74,11.729770047760342
Burundi,Bujumbura,2023-04-30,E. coli,2.49,5.585210841997667
Burundi,Bujumbura,2023-04-30,Salmonella,0.0,3.4369832500413184
Burundi,Bujumbura,2023-04-30,Shigella,5.5,5.319696586965158
Burundi,Bujumbura,2023-04-30,Rotavirus,0.0,3.6204355201061724
Burundi,Bujumbura,2023-05-07,Cholera,12.14,5.0917101333419215
Burundi,Bujumbura,2023-05-07,E. coli,2.06,3.2216543493710517
Burundi,Bujumbura,2023-05-07,Salmonella,0.0,4.959686193660099
Burundi,Bujumbura,2023-05-07,Shigella,4.7,3.6572413325136375
Burundi,Bujumbura,2023-05-07,Rotavirus,0.0,3.751992339793374
Burundi,Bujumbura,2023-05-14,Cholera,7.46,3.2498025564093043
Burundi,Bujumbura,2023-05-14,E. coli,12.97,3.362320427886225
Burundi,Bujumbura,2023-05-14,Salmonella,3.77,2.8512111517448853
Burundi,Bujumbura,2023-05-14,Shigella,5.93,7.995118779255655
Burundi,Bujumbura,2023-05-14,Rotavirus,0.0,3.5934166065556075
Burundi,Bujumbura,2023-05-21,Cholera,2.3,3.664693119547893
Burundi,Bujumbura,2023-05-21,E. coli,0.82,2.9624629248814953
Burundi,Bujumbura,2023-05-21,Salmonella,1.72,3.3356937123922914
Burundi,Bujumbura,2023-05-21,Shigella,1.19,4.982463778586815
Burundi,Bujumbura,2023-05-21,Rotavirus,2.33,4.919088721746976
Burundi,Bujumbura,2023-05-28,Cholera,1.35,3.376489073993793
Burundi,Bujumbura,2023-05-28,E. coli,0.0,3.1910153883455274
Burundi,Bujumbura,2023-05-28,Salmonella,0.0,7.748441146121413
Burundi,Bujumbura,2023-05-28,Shigella,9.13,3.698095547087489
Burundi,Bujumbura,2023-05-28,Rotavirus,8.11,3.5707710203642087
Burundi,Bujumbura,2023-06-04,Cholera,0.65,3.2498025564093043
Burundi,Bujumbura,2023-06-04,E. coli,6.13,3.1910153883455274
Burundi,Bujumbura,2023-06-04,Salmonella,0.0,3.3723941418361916
Burundi,Bujumbura,2023-06-04,Shigella,3.28,3.0812309503749655
Burundi,Bujumbura,2023-06-04,Rotavirus,6.46,2.864181155355479
Burundi,Bujumbura,2023-06-11,Cholera,9.18,3.2498025564093043
Burundi,Bujumbura,2023-06-11,E. coli,3.58,3.1910153883455274
Burundi,Bujumbura,2023-06-11,Salmonella,7.37,3.638558076393388
Burundi,Bujumbura,2023-06-11,Shigella,8.47,3.3991321358132875
Burundi,Bujumbura,2023-06-11,Rotavirus,1.95,3.282652545419085
Burundi,Bujumbura,2023-06-18,Cholera,0.0,3.04879509575801
Burundi,Bujumbura,2023-06-18,E. coli,3.57,2.6603094568102206
Burundi,Bujumbura,2023-06-18,Salmonella,0.0,2.891875634864059
Burundi,Bujumbura,2023-06-18,Shigella,0.0,2.8469874752432487
Burundi,Bujumbura,2023-06-18,Rotavirus,3.26,2.864181155355479
Burundi,Bujumbura,2023-06-25,Cholera,0.0,2.7359304089492253
Burundi,Bujumbura,2023-06-25,E. coli,0.0,2.7670340306430323
Burundi,Bujumbura,2023-06-25,Salmonella,1.76,2.8512111517448853
Burundi,Bujumbura,2023-06-25,Shigella,8.67,3.117664566026877
Burundi,Bujumbura,2023-06-25,Rotavirus,0.0,2.7869623712201075
Burundi,Bujumbura,2023-07-02,Cholera,0.58,2.5167559992654
Burundi,Bujumbura,2023-07-02,E. coli,6.28,2.2299604560600756
Burundi,Bujumbura,2023-07-02,Salmonella,0.0,2.891875634864059
Burundi,Bujumbura,2023-07-02,Shigella,0.0,2.8469874752432487
Burundi,Bujumbura,2023-07-02,Rotavirus,5.21,2.5069701955641763
Burundi,Bujumbura,2023-07-09,Cholera,0.0,2.283182093607209
Burundi,Bujumbura,2023-07-09,E. coli,0.0,2.2299604560600756
Burundi,Bujumbura,2023-07-09,Salmonella,0.0,2.100592951662228
Burundi,Bujumbura,2023-07-09,Shigella,8.62,3.117664566026877
Burundi,Bujumbura,2023-07-09,Rotavirus,0.0,2.0982759046853845
Burundi,Bujumbura,2023-07-16,Cholera,3.02,2.0734802519092908
Burundi,Bujumbura,2023-07-16,E. coli,3.54,2.0734817010962048
Burundi,Bujumbura,2023-07-16,Salmonella,0.66,2.2340949608587435
Burundi,Bujumbura,2023-07-16,Shigella,6.29,2.4123971224686427
Burundi,Bujumbura,2023-07-16,Rotavirus,0.0,2.0165018630743536
Burundi,Bujumbura,2023-07-23,Cholera,8.72,2.0734802519092908
Burundi,Bujumbura,2023-07-23,E. coli,0.0,1.9986042573378686
Burundi,Bujumbura,2023-07-23,Salmonella,0.0,1.9984972278877478
Burundi,Bujumbura,2023-07-23,Shigella,2.65,2.1958740516691706
Burundi,Bujumbura,2023-07-23,Rotavirus,6.78,2.0165018630743536
Burundi,Bujumbura,2023-07-30,Cholera,0.0,2.0734802519092908
Burundi,Bujumbura,2023-07-30,E. coli,2.66,1.9986042573378686
Burundi,Bujumbura,2023-07-30,Salmonella,4.68,1.9984972278877478
Burundi,Bujumbura,2023-07-30,Shigella,0.0,2.1958740516691706
Burundi,Bujumbura,2023-07-30,Rotavirus,0.0,2.0165018630743536
Burundi,Bujumbura,2023-08-06,Cholera,9.76,2.0734802519092908
Burundi,Bujumbura,2023-08-06,E. coli,0.0,1.9986042573378686
Burundi,Bujumbura,2023-08-06,Salmonella,0.67,1.9984972278877478
Burundi,Bujumbura,2023-08-06,Shigella,0.0,2.1958740516691706
Burundi,Bujumbura,2023-08-06,Rotavirus,0.0,2.0165018630743536
Burundi,Bujumbura,2023-08-13,Cholera,4.37,2.0734802519092908
Burundi,Bujumbura,2023-08-13,E. coli,3.04,1.9986042573378686
Burundi,Bujumbura,2023-08-13,Salmonella,1.5,1.9984972278877478
Burundi,Bujumbura,2023-08-13,Shigella,0.0,2.1958740516691706
Burundi,Bujumbura,2023-08-13,Rotavirus,0.0,2.0165018630743536
Burundi,Bujumbura,2023-08-20,Cholera,0.0,2.0734802519092908
Burundi,Bujumbura,2023-08-20,E. coli,0.48,1.9986042573378686
Burundi,Bujumbura,2023-08-20,Salmonella,8.64,1.9984972278877478
Burundi,Bujumbura,2023-08-20,Shigella,0.34,2.1958740516691706
Burundi,Bujumbura,2023-08-20,Rotavirus,4.09,2.0165018630743536
Burundi,Bujumbura,2023-08-27,Cholera,0.0,2.0734802519092908
Burundi,Bujumbura,2023-08-27,E. coli,3.63,1.9986042573378686
Burundi,Bujumbura,2023-08-27,Salmonella,0.04,1.9984972278877478
Burundi,Bujumbura,2023-08-27,Shigella,0.0,2.1958740516691706
Burundi,Bujumbura,2023-08-27,Rotavirus,2.9,2.0165018630743536
Burundi,Bujumbura,2023-09-03,Cholera,2.34,2.0734802519092908
Burundi,Bujumbura,2023-09-03,E. coli,0.0,1.9986042573378686
Burundi,Bujumbura,2023-09-03,Salmonella,0.0,1.9984972278877478
Burundi,Bujumbura,2023-09-03,Shigella,0.0,2.1958740516691706
Burundi,Bujumbura,2023-09-03,Rotavirus,0.0,2.0165018630743536
Burundi,Bujumbura,2023-09-10,Cholera,0.0,2.0734802519092908
Burundi,Bujumbura,2023-09-10,E. coli,1.16,1.9986042573378686
Burundi,Bujumbura,2023-09-10,Salmonella,8.02,1.9984972278877478
Burundi,Bujumbura,2023-09-10,Shigella,3.4,2.1958740516691706
Burundi,Bujumbura,2023-09-10,Rotavirus,0.0,2.0165018630743536
Burundi,Bujumbura,2023-09-17,Cholera,7.53,2.0734802519092908
Burundi,Bujumbura,2023-09-17,E. coli,6.61,1.9986042573378686
Burundi,Bujumbura,2023-09-17,Salmonella,0.0,1.9984972278877478
Burundi,Bujumbura,2023-09-17,Shigella,8.65,2.1958740516691706
Burundi,Bujumbura,2023-09-17,Rotavirus,0.0,5.8779870163627574
Burundi,Bujumbura,2023-09-24,Cholera,0.0,2.0734802519092908
Burundi,Bujumbura,2023-09-24,E. coli,6.41,1.9986042573378686
Burundi,Bujumbura,2023-09-24,Salmonella,0.0,1.9984972278877478
Burundi,Bujumbura,2023-09-24,Shigella,4.91,2.1958740516691706
Burundi,Bujumbura,2023-09-24,Rotavirus,8.86,2.0165018630743536
Burundi,Bujumbura,2023-10-01,Cholera,0.0,2.0734802519092908
Burundi,Bujumbura,2023-10-01,E. coli,0.0,1.9986042573378686
Burundi,Bujumbura,2023-10-01,Salmonella,1.63,1.9984972278877478
Burundi,Bujumbura,2023-10-01,Shigella,10.18,2.1958740516691706
Burundi,Bujumbura,2023-10-01,Rotavirus,7.38,2.0165018630743536
Burundi,Bujumbura,2023-10-08,Cholera,1.08,2.0734802519092908
Burundi,Bujumbura,2023-10-08,E. coli,0.0,5.626901751088577
Burundi,Bujumbura,2023-10-08,Salmonella,0.67,1.9984972278877478
Burundi,Bujumbura,2023-10-08,Shigella,0.0,2.1958740516691706
Burundi,Bujumbura,2023-10-08,Rotavirus,2.02,2.0165018630743536
Burundi,Bujumbura,2023-10-15,Cholera,7.96,2.0734802519092908
Burundi,Bujumbura,2023-10-15,E. coli,0.0,1.9986042573378686
Burundi,Bujumbura,2023-10-15,Salmonella,0.0,1.9984972278877478
Burundi,Bujumbura,2023-10-15,Shigella,5.5,2.1958740516691706
Burundi,Bujumbura,2023-10-15,Rotavirus,0.0,2.0165018630743536
Burundi,Bujumbura,2023-10-22,Cholera,0.0,2.0734802519092908
Burundi,Bujumbura,2023-10-22,E. coli,3.06,1.9986042573378686
Burundi,Bujumbura,2023-10-22,Salmonella,0.0,1.9984972278877478
Burundi,Bujumbura,2023-10-22,Shigella,1.0,2.1958740516691706
Burundi,Bujumbura,2023-10-22,Rotavirus,0.0,2.0165018630743536
Burundi,Bujumbura,2023-10-29,Cholera,10.79,2.0734802519092908
Burundi,Bujumbura,2023-10-29,E. coli,0.96,1.9986042573378686
Burundi,Bujumbura,2023-10-29,Salmonella,3.68,1.9984972278877478
Burundi,Bujumbura,2023-10-29,Shigella,5.47,2.1958740516691706
Burundi,Bujumbura,2023-10-29,Rotavirus,0.0,2.0165018630743536
Burundi,Bujumbura,2023-11-05,Cholera,6.79,2.0734802519092908
Burundi,Bujumbura,2023-11-05,E. coli,4.43,1.9986042573378686
Burundi,Bujumbura,2023-11-05,Salmonella,0.0,1.9984972278877478
Burundi,Bujumbura,2023-11-05,Shigella,0.0,2.1958740516691706
Burundi,Bujumbura,2023-11-05,Rotavirus,0.0,2.0165018630743536
Burundi,Bujumbura,2023-11-12,Cholera,0.23,2.0734802519092908
Burundi,Bujumbura,2023-11-12,E. coli,0.0,1.9986042573378686
Burundi,Bujumbura,2023-11-12,Salmonella,2.1,1.9984972278877478
Burundi,Bujumbura,2023-11-12,Shigella,0.0,2.1958740516691706
Burundi,Bujumbura,2023-11-12,Rotavirus,0.0,2.0165018630743536
Burundi,Bujumbura,2023-11-19,Cholera,0.0,2.0734802519092908
Burundi,Bujumbura,2023-11-19,E. coli,0.0,1.9986042573378686
Burundi,Bujumbura,2023-11-19,Salmonella,0.0,1.9984972278877478
Burundi,Bujumbura,2023-11-19,Shigella,1.65,2.1958740516691706
Burundi,Bujumbura,2023-11-19,Rotavirus,2.77,2.0165018630743536
Burundi,Bujumbura,2023-11-26,Cholera,0.0,2.0734802519092908
Burundi,Bujumbura,2023-11-26,E. coli,0.0,1.9986042573378686
Burundi,Bujumbura,2023-11-26,Salmonella,0.15,1.9984972278877478
Burundi,Bujumbura,2023-11-26,Shigella,8.08,2.1958740516691706
Burundi,Bujumbura,2023-11-26,Rotavirus,0.0,2.0165018630743536
Burundi,Bujumbura,2023-12-03,Cholera,0.0,2.0734802519092908
Burundi,Bujumbura,2023-12-03,E. coli,0.0,1.9986042573378686
Burundi,Bujumbura,2023-12-03,Salmonella,1.34,1.9984972278877478
Burundi,Bujumbura,2023-12-03,Shigella,0.0,2.1958740516691706
Burundi,Bujumbura,2023-12-03,Rotavirus,0.0,2.0165018630743536
Burundi,Bujumbura,2023-12-10,Cholera,10.6,2.0734802519092908
Burundi,Bujumbura,2023-12-10,E. coli,0.0,1.9986042573378686
Burundi,Bujumbura,2023-12-10,Salmonella,0.0,1.9984972278877478
Burundi,Bujumbura,2023-12-10,Shigella,0.0,2.1958740516691706
Burundi,Bujumbura,2023-12-10,Rotavirus,0.0,2.0165018630743536
Burundi,Bujumbura,2023-12-17,Cholera,0.0,2.0734802519092908
Burundi,Bujumbura,2023-12-17,E. coli,0.0,2.0218261328219107
Burundi,Bujumbura,2023-12-17,Salmonella,2.95,2.100592951662228
Burundi,Bujumbura,2023-12-17,Shigella,5.09,2.2280824438531472
Burundi,Bujumbura,2023-12-17,Rotavirus,0.0,2.025185431872123
Burundi,Bujumbura,2023-12-24,Cholera,2.97,2.283182093607209
Burundi,Bujumbura,2023-12-24,E. coli,0.0,2.0734817010962048
Burundi,Bujumbura,2023-12-24,Salmonella,0.0,3.1038808241133244
Burundi,Bujumbura,2023-12-24,Shigella,0.0,2.8469874752432487
Burundi,Bujumbura,2023-12-24,Rotavirus,0.0,2.2590694758075553
Burundi,Ngozi,2023-01-01,Cholera,0.0,1.9149919268594655
Burundi,Ngozi,2023-01-01,E. coli,6.33,1.8307397096408022
Burundi,Ngozi,2023-01-01,Salmonella,2.53,1.8881947151276446
Burundi,Ngozi,2023-01-01,Shigella,0.0,1.8621381754763693
Burundi,Ngozi,2023-01-01,Rotavirus,0.0,1.2643082756958137
Burundi,Ngozi,2023-01-08,Cholera,0.0,1.1775870417421674
Burundi,Ngozi,2023-01-08,E. coli,0.0,1.8307397096408022
Burundi,Ngozi,2023-01-08,Salmonella,0.0,1.2075051084039097
Burundi,Ngozi,2023-01-08,Shigella,0.0,1.4681794057235382
Burundi,Ngozi,2023-01-08,Rotavirus,4.74,1.7372641994263265
Burundi,Ngozi,2023-01-15,Cholera,0.0,2.798923772043914
Burundi,Ngozi,2023-01-15,E. coli,10.13,3.668431244983316
Burundi,Ngozi,2023-01-15,Salmonella,0.0,2.591683144969289
Burundi,Ngozi,2023-01-15,Shigella,3.1,2.0175320519746394
Burundi,Ngozi,2023-01-15,Rotavirus,0.31,5.849206256490744
Burundi,Ngozi,2023-01-22,Cholera,5.75,3.546254153943384
Burundi,Ngozi,2023-01-22,E. coli,0.0,2.908623216942269
Burundi,Ngozi,2023-01-22,Salmonella,0.0,1.461695933386758
Burundi,Ngozi,2023-01-22,Shigella,4.01,2.54546356192246
Burundi,Ngozi,2023-01-22,Rotavirus,0.0,1.2672339629833025
Burundi,Ngozi,2023-01-29,Cholera,3.63,2.759107089058621
Burundi,Ngozi,2023-01-29,E. coli,3.38,3.568757432441534
Burundi,Ngozi,2023-01-29,Salmonella,9.11,1.461695933386758
Burundi,Ngozi,2023-01-29,Shigella,1.93,2.9723809177610447
Burundi,Ngozi,2023-01-29,Rotavirus,5.81,3.6713065054216822
Burundi,Ngozi,2023-02-05,Cholera,4.29,3.546254153943384
Burundi,Ngozi,2023-02-05,E. coli,3.85,3.345984427662309
Burundi,Ngozi,2023-02-05,Salmonella,0.0,2.591683144969289
Burundi,Ngozi,2023-02-05,Shigella,3.39,3.6084367971529856
Burundi,Ngozi,2023-02-05,Rotavirus,0.0,3.6264679730748908
Burundi,Ngozi,2023-02-12,Cholera,0.0,3.361335578658684
Burundi,Ngozi,2023-02-12,E. coli,4.41,2.546153618592712
Burundi,Ngozi,2023-02-12,Salmonella,0.81,2.8125375787947267
Burundi,Ngozi,2023-02-12,Shigella,0.0,3.638143752521016
Burundi,Ngozi,2023-02-12,Rotavirus,2.92,1.5656883849359209
Burundi,Ngozi,2023-02-19,Cholera,1.71,4.991244718794394
Burundi,Ngozi,2023-02-19,E. coli,0.0,5.2760918340849265
Burundi,Ngozi,2023-02-19,Salmonella,0.0,4.690768329850366
Burundi,Ngozi,2023-02-19,Shigella,3.13,3.6084367971529856
Burundi,Ngozi,2023-02-19,Rotavirus,2.68,3.6264679730748908
Burundi,Ngozi,2023-02-26,Cholera,3.95,3.361335578658684
Burundi,Ngozi,2023-02-26,E. coli,6.59,5.176929738181638
Burundi,Ngozi,2023-02-26,Salmonella,15.5,11.929815407282492
Burundi,Ngozi,2023-02-26,Shigella,5.26,4.80595104944903
Burundi,Ngozi,2023-02-26,Rotavirus,2.14,3.6653672801877293
Burundi,Ngozi,2023-03-05,Cholera,7.44,3.5861926198907996
Burundi,Ngozi,2023-03-05,E. coli,0.0,2.743274322981169
Burundi,Ngozi,2023-03-05,Salmonella,0.0,3.6587820270954086
Burundi,Ngozi,2023-03-05,Shigella,1.36,4.873888022819568
Burundi,Ngozi,2023-03-05,Rotavirus,0.0,4.7716141868382955
Burundi,Ngozi,2023-03-12,Cholera,1.52,3.40856092834459
Burundi,Ngozi,2023-03-12,E. coli,8.43,5.176929738181638
Burundi,Ngozi,2023-03-12,Salmonella,0.0,2.7727208958094343
Burundi,Ngozi,2023-03-12,Shigella,11.61,9.394954915641728
Burundi,Ngozi,2023-03-12,Rotavirus,8.05,4.944684150263123
Burundi,Ngozi,2023-03-19,Cholera,8.6,4.74646563055414
Burundi,Ngozi,2023-03-19,E. coli,7.03,2.900816896894032
Burundi,Ngozi,2023-03-19,Salmonella,0.0,4.554964219897865
Burundi,Ngozi,2023-03-19,Shigella,7.48,3.6084367971529856
Burundi,Ngozi,2023-03-19,Rotavirus,10.08,4.832544207018284
Burundi,Ngozi,2023-03-26,Cholera,10.36,5.0320430327264845
Burundi,Ngozi,2023-03-26,E. coli,2.64,5.413868910901289
Burundi,Ngozi,2023-03-26,Salmonella,2.38,4.767741380402586
Burundi,Ngozi,2023-03-26,Shigella,6.55,3.6084367971529856
Burundi,Ngozi,2023-03-26,Rotavirus,4.37,3.6264679730748908
Burundi,Ngozi,2023-04-02,Cholera,10.34,5.0003822528239725
Burundi,Ngozi,2023-04-02,E. coli,7.48,5.176929738181638
Burundi,Ngozi,2023-04-02,Salmonella,9.65,6.562201477048969
Burundi,Ngozi,2023-04-02,Shigella,1.89,4.80595104944903
Burundi,Ngozi,2023-04-02,Rotavirus,0.0,2.82917517954133
Burundi,Ngozi,2023-04-09,Cholera,2.48,4.83655729944903
Burundi,Ngozi,2023-04-09,E. coli,0.0,3.3070709660882915
Burundi,Ngozi,2023-04-09,Salmonella,17.99,10.079358976882359
Burundi,Ngozi,2023-04-09,Shigella,4.4,3.403150337965105
Burundi,Ngozi,2023-04-09,Rotavirus,14.07,11.694738455673724
Burundi,Ngozi,2023-04-16,Cholera,0.0,3.625091927003639
Burundi,Ngozi,2023-04-16,E. coli,9.74,5.428434146704503
Burundi,Ngozi,2023-04-16,Salmonella,0.0,2.8125375787947267
Burundi,Ngozi,2023-04-16,Shigella,2.33,3.653275329499777
Burundi,Ngozi,2023-04-16,Rotavirus,11.89,3.6653672801877293
Burundi,Ngozi,2023-04-23,Cholera,8.38,4.991244718794394
Burundi,Ngozi,2023-04-23,E. coli,0.0,3.345984427662309
Burundi,Ngozi,2023-04-23,Salmonella,2.87,3.449523969720427
Burundi,Ngozi,2023-04-23,Shigella,0.0,3.6084367971529856
Burundi,Ngozi,2023-04-23,Rotavirus,4.74,4.7716141868382955
Burundi,Ngozi,2023-04-30,Cholera,1.39,4.83655729944903
Burundi,Ngozi,2023-04-30,E. coli,8.98,5.447232254183266
Burundi,Ngozi,2023-04-30,Salmonella,4.03,3.587217195319221
Burundi,Ngozi,2023-04-30,Shigella,6.85,5.0003822528239725
Burundi,Ngozi,2023-04-30,Rotavirus,12.04,2.6095837691409396
Burundi,Ngozi,2023-05-07,Cholera,0.0,4.904494272819567
Burundi,Ngozi,2023-05-07,E. coli,2.01,2.743274322981169
Burundi,Ngozi,2023-05-07,Salmonella,3.12,2.8125375787947267
Burundi,Ngozi,2023-05-07,Shigella,0.93,3.653275329499777
Burundi,Ngozi,2023-05-07,Rotavirus,3.05,3.568254153943384
Burundi,Ngozi,2023-05-14,Cholera,0.54,3.625091927003639
Burundi,Ngozi,2023-05-14,E. coli,0.0,5.397970709627357
Burundi,Ngozi,2023-05-14,Salmonella,0.05,3.6587820270954086
Burundi,Ngozi,2023-05-14,Shigella,1.25,3.4601390246793806
Burundi,Ngozi,2023-05-14,Rotavirus,14.26,4.7716141868382955
Burundi,Ngozi,2023-05-21,Cholera,0.0,1.4484306279770143
Burundi,Ngozi,2023-05-21,E. coli,7.44,3.3070709660882915
Burundi,Ngozi,2023-05-21,Salmonella,5.63,3.6271556612666376
Burundi,Ngozi,2023-05-21,Shigella,0.0,1.3682933801120225
Burundi,Ngozi,2023-05-21,Rotavirus,0.0,3.568254153943384
Burundi,Ngozi,2023-05-28,Cholera,0.0,1.1942398029941663
Burundi,Ngozi,2023-05-28,E. coli,0.0,5.073480832680749
Burundi,Ngozi,2023-05-28,Salmonella,6.55,2.7727208958094343
Burundi,Ngozi,2023-05-28,Shigella,0.0,2.7792854912328506
Burundi,Ngozi,2023-05-28,Rotavirus,2.43,3.6264679730748908
Burundi,Ngozi,2023-06-04,Cholera,1.92,2.312821187542691
Burundi,Ngozi,2023-06-04,E. coli,0.0,1.6948470273189131
Burundi,Ngozi,2023-06-04,Salmonella,0.11,2.591683144969289
Burundi,Ngozi,2023-06-04,Shigella,0.0,1.6837930434029191
Burundi,Ngozi,2023-06-04,Rotavirus,3.74,2.6095837691409396
Burundi,Ngozi,2023-06-11,Cholera,4.14,2.592531181812425
Burundi,Ngozi,2023-06-11,E. coli,2.42,1.5076917349175187
Burundi,Ngozi,2023-06-11,Salmonella,0.09,1.2075051084039097
Burundi,Ngozi,2023-06-11,Shigella,6.13,2.9723809177610447
Burundi,Ngozi,2023-06-11,Rotavirus,2.96,3.4207083422626763
Burundi,Ngozi,2023-06-18,Cholera,0.0,1.1775870417421674
Burundi,Ngozi,2023-06-18,E. coli,10.26,8.400760953345442
Burundi,Ngozi,2023-06-18,Salmonella,0.61,1.2096708241727714
Burundi,Ngozi,2023-06-18,Shigella,7.51,2.7792854912328506
Burundi,Ngozi,2023-06-18,Rotavirus,0.0,1.289497559953073
Burundi,Ngozi,2023-06-25,Cholera,0.42,1.1775870417421674
Burundi,Ngozi,2023-06-25,E. coli,0.0,1.8307397096408022
Burundi,Ngozi,2023-06-25,Salmonella,4.94,1.8881947151276446
Burundi,Ngozi,2023-06-25,Shigella,0.52,1.8621381754763693
Burundi,Ngozi,2023-06-25,Rotavirus,0.0,1.5005446876617003
Burundi,Ngozi,2023-07-02,Cholera,0.0,1.7621897914648568
Burundi,Ngozi,2023-07-02,E. coli,0.0,2.0081472634067783
Burundi,Ngozi,2023-07-02,Salmonella,0.0,1.2096708241727714
Burundi,Ngozi,2023-07-02,Shigella,0.0,1.8621381754763693
Burundi,Ngozi,2023-07-02,Rotavirus,0.0,1.8562232329516004
Burundi,Ngozi,2023-07-09,Cholera,5.65,1.7621897914648568
Burundi,Ngozi,2023-07-09,E. coli,1.97,2.0081472634067783
Burundi,Ngozi,2023-07-09,Salmonella,0.0,1.1879007370896324
Burundi,Ngozi,2023-07-09,Shigella,4.49,2.1413976459982327
Burundi,Ngozi,2023-07-09,Rotavirus,0.0,1.7372641994263265
Burundi,Ngozi,2023-07-16,Cholera,0.0,1.9149919268594655
Burundi,Ngozi,2023-07-16,E. coli,0.0,2.0027247657898735
Burundi,Ngozi,2023-07-16,Salmonella,0.0,1.9022443021546522
Burundi,Ngozi,2023-07-16,Shigella,0.0,1.8621381754763693
Burundi,Ngozi,2023-07-16,Rotavirus,0.0,1.9552711459838066
Burundi,Ngozi,2023-07-23,Cholera,1.07,1.9787015382457775
Burundi,Ngozi,2023-07-23,E. coli,4.36,1.9873210369532708
Burundi,Ngozi,2023-07-23,Salmonella,0.0,1.9282002493840524
Burundi,Ngozi,2023-07-23,Shigella,3.59,2.122761505606374
Burundi,Ngozi,2023-07-23,Rotavirus,0.0,1.9552711459838066
Burundi,Ngozi,2023-07-30,Cholera,0.0,1.9787015382457775
Burundi,Ngozi,2023-07-30,E. coli,5.71,1.9873210369532708
Burundi,Ngozi,2023-07-30,Salmonella,8.08,7.79136926178284
Burundi,Ngozi,2023-07-30,Shigella,0.0,2.122761505606374
Burundi,Ngozi,2023-07-30,Rotavirus,2.51,1.9552711459838066
Burundi,Ngozi,2023-08-06,Cholera,0.0,4.83655729944903
Burundi,Ngozi,2023-08-06,E. coli,3.59,1.9873210369532708
Burundi,Ngozi,2023-08-06,Salmonella,0.0,1.9282002493840524
Burundi,Ngozi,2023-08-06,Shigella,0.0,2.122761505606374
Burundi,Ngozi,2023-08-06,Rotavirus,3.79,1.9552711459838066
Burundi,Ngozi,2023-08-13,Cholera,0.0,1.9787015382457775
Burundi,Ngozi,2023-08-13,E. coli,0.0,1.9873210369532708
Burundi,Ngozi,2023-08-13,Salmonella,2.62,1.9282002493840524
Burundi,Ngozi,2023-08-13,Shigella,0.65,2.122761505606374
Burundi,Ngozi,2023-08-13,Rotavirus,0.0,1.9552711459838066
Burundi,Ngozi,2023-08-20,Cholera,2.39,1.9787015382457775
Burundi,Ngozi,2023-08-20,E. coli,0.0,1.9873210369532708
Burundi,Ngozi,2023-08-20,Salmonella,0.0,1.9282002493840524
Burundi,Ngozi,2023-08-20,Shigella,0.0,2.122761505606374
Burundi,Ngozi,2023-08-20,Rotavirus,0.88,1.9552711459838066
Burundi,Ngozi,2023-08-27,Cholera,0.0,1.9787015382457775
Burundi,Ngozi,2023-08-27,E. coli,9.32,1.9873210369532708
Burundi,Ngozi,2023-08-27,Salmonella,4.75,1.9282002493840524
Burundi,Ngozi,2023-08-27,Shigella,5.31,2.122761505606374
Burundi,Ngozi,2023-08-27,Rotavirus,0.0,1.9552711459838066
Burundi,Ngozi,2023-09-03,Cholera,10.47,1.9787015382457775
Burundi,Ngozi,2023-09-03,E. coli,0.0,1.9873210369532708
Burundi,Ngozi,2023-09-03,Salmonella,0.68,1.9282002493840524
Burundi,Ngozi,2023-09-03,Shigella,3.26,9.13853327835084
Burundi,Ngozi,2023-09-03,Rotavirus,3.77,1.9552711459838066
Burundi,Ngozi,2023-09-10,Cholera,4.98,1.9787015382457775
Burundi,Ngozi,2023-09-10,E. coli,0.36,1.9873210369532708
Burundi,Ngozi,2023-09-10,Salmonella,8.02,1.9282002493840524
Burundi,Ngozi,2023-09-10,Shigella,0.0,2.122761505606374
Burundi,Ngozi,2023-09-10,Rotavirus,0.0,1.9552711459838066
Burundi,Ngozi,2023-09-17,Cholera,0.0,1.9787015382457775
Burundi,Ngozi,2023-09-17,E. coli,0.0,1.9873210369532708
Burundi,Ngozi,2023-09-17,Salmonella,0.0,1.9282002493840524
Burundi,Ngozi,2023-09-17,Shigella,0.0,2.122761505606374
Burundi,Ngozi,2023-09-17,Rotavirus,2.69,1.9552711459838066
Burundi,Ngozi,2023-09-24,Cholera,0.0,1.9787015382457775
Burundi,Ngozi,2023-09-24,E. coli,6.8,1.9873210369532708
Burundi,Ngozi,2023-09-24,Salmonella,3.63,7.8478278857245565
Burundi,Ngozi,2023-09-24,Shigella,2.35,2.122761505606374
Burundi,Ngozi,2023-09-24,Rotavirus,7.27,1.9552711459838066
Burundi,Ngozi,2023-10-01,Cholera,0.0,1.9787015382457775
Burundi,Ngozi,2023-10-01,E. coli,0.0,1.9873210369532708
Burundi,Ngozi,2023-10-01,Salmonella,0.0,1.9282002493840524
Burundi,Ngozi,2023-10-01,Shigella,0.0,2.122761505606374
Burundi,Ngozi,2023-10-01,Rotavirus,3.19,1.9552711459838066
Burundi,Ngozi,2023-10-08,Cholera,0.0,1.9787015382457775
Burundi,Ngozi,2023-10-08,E. coli,1.8,1.9873210369532708
Burundi,Ngozi,2023-10-08,Salmonella,1.56,1.9282002493840524
Burundi,Ngozi,2023-10-08,Shigella,6.16,2.122761505606374
Burundi,Ngozi,2023-10-08,Rotavirus,0.0,1.9552711459838066
Burundi,Ngozi,2023-10-15,Cholera,0.0,1.9787015382457775
Burundi,Ngozi,2023-10-15,E. coli,1.74,1.9873210369532708
Burundi,Ngozi,2023-10-15,Salmonella,3.59,1.9282002493840524
Burundi,Ngozi,2023-10-15,Shigella,5.55,2.122761505606374
Burundi,Ngozi,2023-10-15,Rotavirus,0.0,1.9552711459838066
Burundi,Ngozi,2023-10-22,Cholera,3.33,1.9787015382457775
Burundi,Ngozi,2023-10-22,E. coli,1.47,1.9873210369532708
Burundi,Ngozi,2023-10-22,Salmonella,0.0,1.9282002493840524
Burundi,Ngozi,2023-10-22,Shigella,0.0,2.122761505606374
Burundi,Ngozi,2023-10-22,Rotavirus,0.0,1.9552711459838066
Burundi,Ngozi,2023-10-29,Cholera,0.0,1.9787015382457775
Burundi,Ngozi,2023-10-29,E. coli,0.0,1.9873210369532708
Burundi,Ngozi,2023-10-29,Salmonella,3.41,1.9282002493840524
Burundi,Ngozi,2023-10-29,Shigella,5.49,2.122761505606374
Burundi,Ngozi,2023-10-29,Rotavirus,11.28,1.9552711459838066
Burundi,Ngozi,2023-11-05,Cholera,0.0,1.9787015382457775
Burundi,Ngozi,2023-11-05,E. coli,1.31,1.9873210369532708
Burundi,Ngozi,2023-11-05,Salmonella,2.96,4.791074594496165
Burundi,Ngozi,2023-11-05,Shigella,4.73,2.122761505606374
Burundi,Ngozi,2023-11-05,Rotavirus,0.0,1.9552711459838066
Burundi,Ngozi,2023-11-12,Cholera,4.88,1.9787015382457775
Burundi,Ngozi,2023-11-12,E. coli,8.41,1.9873210369532708
Burundi,Ngozi,2023-11-12,Salmonella,0.0,1.9282002493840524
Burundi,Ngozi,2023-11-12,Shigella,0.0,2.122761505606374
Burundi,Ngozi,2023-11-12,Rotavirus,0.0,1.9552711459838066
Burundi,Ngozi,2023-11-19,Cholera,7.97,1.9787015382457775
Burundi,Ngozi,2023-11-19,E. coli,0.0,1.9873210369532708
Burundi,Ngozi,2023-11-19,Salmonella,0.0,1.9282002493840524
Burundi,Ngozi,2023-11-19,Shigella,0.0,2.122761505606374
Burundi,Ngozi,2023-11-19,Rotavirus,0.0,1.9552711459838066
Burundi,Ngozi,2023-11-26,Cholera,1.11,1.9787015382457775
Burundi,Ngozi,2023-11-26,E. coli,7.15,1.9873210369532708
Burundi,Ngozi,2023-11-26,Salmonella,0.0,1.9282002493840524
Burundi,Ngozi,2023-11-26,Shigella,2.77,2.122761505606374
Burundi,Ngozi,2023-11-26,Rotavirus,4.93,8.098099458104814
Burundi,Ngozi,2023-12-03,Cholera,0.5,1.9787015382457775
Burundi,Ngozi,2023-12-03,E. coli,0.58,1.9873210369532708
Burundi,Ngozi,2023-12-03,Salmonella,0.0,1.9282002493840524
Burundi,Ngozi,2023-12-03,Shigella,1.33,2.122761505606374
Burundi,Ngozi,2023-12-03,Rotavirus,5.11,1.9552711459838066
Burundi,Ngozi,2023-12-10,Cholera,0.31,1.9787015382457775
Burundi,Ngozi,2023-12-10,E. coli,1.33,1.9873210369532708
Burundi,Ngozi,2023-12-10,Salmonella,2.52,1.9282002493840524
Burundi,Ngozi,2023-12-10,Shigella,5.87,2.122761505606374
Burundi,Ngozi,2023-12-10,Rotavirus,8.57,5.849206256490744
Burundi,Ngozi,2023-12-17,Cholera,0.0,1.9787015382457775
Burundi,Ngozi,2023-12-17,E. coli,0.0,1.987002459248105
Burundi,Ngozi,2023-12-17,Salmonella,10.79,1.9282002493840524
Burundi,Ngozi,2023-12-17,Shigella,0.58,2.047733327032078
Burundi,Ngozi,2023-12-17,Rotavirus,0.0,1.8746325457791155
Burundi,Ngozi,2023-12-24,Cholera,0.0,1.9149919268594655
Burundi,Ngozi,2023-12-24,E. coli,5.31,2.0081472634067783
Burundi,Ngozi,2023-12-24,Salmonella,2.16,1.5102553570970947
Burundi,Ngozi,2023-12-24,Shigella,9.57,8.419544335096393
Burundi,Ngozi,2023-12-24,Rotavirus,2.42,1.8746325457791155
Burundi,Gitega,2023-01-01,Cholera,1.62,2.854235543561643
Burundi,Gitega,2023-01-01,E. coli,11.7,2.855223582391413
Burundi,Gitega,2023-01-01,Salmonella,0.0,2.740442949603467
Burundi,Gitega,2023-01-01,Shigella,0.0,2.1667854269213302
Burundi,Gitega,2023-01-01,Rotavirus,0.08,2.3024106795618042
Burundi,Gitega,2023-01-08,Cholera,2.34,2.854235543561643
Burundi,Gitega,2023-01-08,E. coli,11.73,9.954950251134477
Burundi,Gitega,2023-01-08,Salmonella,4.7,2.963702996010998
Burundi,Gitega,2023-01-08,Shigella,11.92,3.6669089163677024
Burundi,Gitega,2023-01-08,Rotavirus,2.76,2.9349820021410924
Burundi,Gitega,2023-01-15,Cholera,2.92,2.8727913464484773
Burundi,Gitega,2023-01-15,E. coli,6.61,7.039403022437318
Burundi,Gitega,2023-01-15,Salmonella,5.45,2.920492751803595
Burundi,Gitega,2023-01-15,Shigella,13.95,3.5272150793362465
Burundi,Gitega,2023-01-15,Rotavirus,0.0,2.9115608294137467
Burundi,Gitega,2023-01-22,Cholera,4.3,3.0666722101789183
Burundi,Gitega,2023-01-22,E. coli,6.92,9.920660607389655
Burundi,Gitega,2023-01-22,Salmonella,0.0,2.920492751803595
Burundi,Gitega,2023-01-22,Shigella,0.0,3.6669089163677024
Burundi,Gitega,2023-01-22,Rotavirus,6.78,2.9115608294137467
Burundi,Gitega,2023-01-29,Cholera,2.87,3.2843671657082774
Burundi,Gitega,2023-01-29,E. coli,8.11,3.537694746758623
Burundi,Gitega,2023-01-29,Salmonella,11.71,3.5428625517877266
Burundi,Gitega,2023-01-29,Shigella,0.0,3.8106187140355097
Burundi,Gitega,2023-01-29,Rotavirus,0.0,2.9349820021410924
Burundi,Gitega,2023-02-05,Cholera,10.64,3.642505876901384
Burundi,Gitega,2023-02-05,E. coli,3.79,3.366061553481042
Burundi,Gitega,2023-02-05,Salmonella,13.43,3.4999866061007707
Burundi,Gitega,2023-02-05,Shigella,5.49,7.9479291448718445
Burundi,Gitega,2023-02-05,Rotavirus,3.31,3.4546402020975244
Burundi,Gitega,2023-02-12,Cholera,4.19,2.916001590655881
Burundi,Gitega,2023-02-12,E. coli,0.94,6.594671373951238
Burundi,Gitega,2023-02-12,Salmonella,2.42,6.213145828184699
Burundi,Gitega,2023-02-12,Shigella,0.0,3.9460438334179626
Burundi,Gitega,2023-02-12,Rotavirus,4.97,3.4546402020975244
Burundi,Gitega,2023-02-19,Cholera,0.0,3.0666722101789183
Burundi,Gitega,2023-02-19,E. coli,5.74,6.46077457277828
Burundi,Gitega,2023-02-19,Salmonella,23.71,16.967590348840424
Burundi,Gitega,2023-02-19,Shigella,8.32,3.9460438334179626
Burundi,Gitega,2023-02-19,Rotavirus,11.11,7.059061116338968
Burundi,Gitega,2023-02-26,Cholera,0.0,3.4011528532507374
Burundi,Gitega,2023-02-26,E. coli,3.76,3.5566844609648656
Burundi,Gitega,2023-02-26,Salmonella,3.41,3.849094995059805
Burundi,Gitega,2023-02-26,Shigella,8.22,3.9460438334179626
Burundi,Gitega,2023-02-26,Rotavirus,2.34,3.8094358782966298
Burundi,Gitega,2023-03-05,Cholera,14.76,3.4440287989376936
Burundi,Gitega,2023-03-05,E. coli,7.04,7.222776588835671
Burundi,Gitega,2023-03-05,Salmonella,8.31,3.7004403468486498
Burundi,Gitega,2023-03-05,Shigella,5.1,6.738825181590271
Burundi,Gitega,2023-03-05,Rotavirus,2.25,3.8094358782966298
Burundi,Gitega,2023-03-12,Cholera,0.0,3.642505876901384
Burundi,Gitega,2023-03-12,E. coli,6.08,3.537694746758623
Burundi,Gitega,2023-03-12,Salmonella,7.64,5.631061736896134
Burundi,Gitega,2023-03-12,Shigella,10.65,3.9460438334179626
Burundi,Gitega,2023-03-12,Rotavirus,3.71,7.059061116338968
Burundi,Gitega,2023-03-19,Cholera,6.01,3.679728263960352
Burundi,Gitega,2023-03-19,E. coli,9.28,6.403583207208877
Burundi,Gitega,2023-03-19,Salmonella,0.0,3.7004403468486498
Burundi,Gitega,2023-03-19,Shigella,12.3,6.264857948935566
Burundi,Gitega,2023-03-19,Rotavirus,6.33,3.9239453366897465
Burundi,Gitega,2023-03-26,Cholera,2.94,9.428000906584593
Burundi,Gitega,2023-03-26,E. coli,2.19,3.883598386231097
Burundi,Gitega,2023-03-26,Salmonella,3.06,3.849094995059805
Burundi,Gitega,2023-03-26,Shigella,11.83,6.848578663356139
Burundi,Gitega,2023-03-26,Rotavirus,6.13,3.74531660231844
Burundi,Gitega,2023-04-02,Cholera,0.09,3.679728263960352
Burundi,Gitega,2023-04-02,E. coli,0.0,3.366061553481042
Burundi,Gitega,2023-04-02,Salmonella,7.32,3.849094995059805
Burundi,Gitega,2023-04-02,Shigella,8.54,9.092695778398102
Burundi,Gitega,2023-04-02,Rotavirus,13.44,7.153928569349971
Burundi,Gitega,2023-04-09,Cholera,6.9,3.7911605251125393
Burundi,Gitega,2023-04-09,E. coli,9.48,6.46077457277828
Burundi,Gitega,2023-04-09,Salmonella,17.6,10.084529651120878
Burundi,Gitega,2023-04-09,Shigella,0.0,6.738825181590271
Burundi,Gitega,2023-04-09,Rotavirus,0.0,3.8094358782966298
Burundi,Gitega,2023-04-16,Cholera,0.0,6.066097222676314
Burundi,Gitega,2023-04-16,E. coli,11.01,9.886846748983155
Burundi,Gitega,2023-04-16,Salmonella,0.0,3.737662733907618
Burundi,Gitega,2023-04-16,Shigella,4.36,3.8819245574397727
Burundi,Gitega,2023-04-16,Rotavirus,1.04,3.9239453366897465
Burundi,Gitega,2023-04-23,Cholera,3.54,3.7270412491343494
Burundi,Gitega,2023-04-23,E. coli,7.2,3.883598386231097
Burundi,Gitega,2023-04-23,Salmonella,0.0,3.993190512168855
Burundi,Gitega,2023-04-23,Shigella,9.82,9.132179976698206
Burundi,Gitega,2023-04-23,Rotavirus,2.81,3.2949785688681086
Burundi,Gitega,2023-04-30,Cholera,0.0,3.9425289835056567
Burundi,Gitega,2023-04-30,E. coli,13.14,7.222776588835671
Burundi,Gitega,2023-04-30,Salmonella,8.58,5.569847798454066
Burundi,Gitega,2023-04-30,Shigella,4.79,6.10106547466529
Burundi,Gitega,2023-04-30,Rotavirus,4.54,6.208398768394148
Burundi,Gitega,2023-05-07,Cholera,0.38,3.6235161626951418
Burundi,Gitega,2023-05-07,E. coli,0.0,3.5999616272042645
Burundi,Gitega,2023-05-07,Salmonella,6.41,3.7004403468486498
Burundi,Gitega,2023-05-07,Shigella,5.05,3.9460438334179626
Burundi,Gitega,2023-05-07,Rotavirus,10.06,3.679728263960352
Burundi,Gitega,2023-05-14,Cholera,3.89,3.9425289835056567
Burundi,Gitega,2023-05-14,E. coli,5.84,3.6472746123782622
Burundi,Gitega,2023-05-14,Salmonella,15.72,3.993190512168855
Burundi,Gitega,2023-05-14,Shigella,0.0,6.144899603628694
Burundi,Gitega,2023-05-14,Rotavirus,0.0,3.613663576613228
Burundi,Gitega,2023-05-21,Cholera,0.0,3.2843671657082774
Burundi,Gitega,2023-05-21,E. coli,0.52,3.6472746123782622
Burundi,Gitega,2023-05-21,Salmonella,0.99,3.849094995059805
Burundi,Gitega,2023-05-21,Shigella,0.0,3.8478411010944784
Burundi,Gitega,2023-05-21,Rotavirus,0.0,2.6851589421399904
Burundi,Gitega,2023-05-28,Cholera,0.0,3.7911605251125393
Burundi,Gitega,2023-05-28,E. coli,1.48,3.366061553481042
Burundi,Gitega,2023-05-28,Salmonella,1.26,5.631061736896134
Burundi,Gitega,2023-05-28,Shigella,9.5,3.7515205394778137
Burundi,Gitega,2023-05-28,Rotavirus,6.0,3.679728263960352
Burundi,Gitega,2023-06-04,Cholera,1.89,3.6235161626951418
Burundi,Gitega,2023-06-04,E. coli,10.39,3.0155213330086967
Burundi,Gitega,2023-06-04,Salmonella,5.6,3.993190512168855
Burundi,Gitega,2023-06-04,Shigella,0.26,3.4254668388479574
Burundi,Gitega,2023-06-04,Rotavirus,0.0,3.679728263960352
Burundi,Gitega,2023-06-11,Cholera,0.0,2.3743616421571136
Burundi,Gitega,2023-06-11,E. coli,11.27,2.788887685969408
Burundi,Gitega,2023-06-11,Salmonella,4.7,3.5428625517877266
Burundi,Gitega,2023-06-11,Shigella,0.0,3.6669089163677024
Burundi,Gitega,2023-06-11,Rotavirus,0.0,3.679728263960352
Burundi,Gitega,2023-06-18,Cholera,0.0,2.916001590655881
Burundi,Gitega,2023-06-18,E. coli,2.27,3.4288232997557846
Burundi,Gitega,2023-06-18,Salmonella,2.27,3.368739074964361
Burundi,Gitega,2023-06-18,Shigella,0.0,3.4432771758575327
Burundi,Gitega,2023-06-18,Rotavirus,3.95,3.2949785688681086
Burundi,Gitega,2023-06-25,Cholera,3.01,3.0666722101789183
Burundi,Gitega,2023-06-25,E. coli,3.31,2.8559690482686726
Burundi,Gitega,2023-06-25,Salmonella,7.24,3.368739074964361
Burundi,Gitega,2023-06-25,Shigella,3.07,2.581625533003369
Burundi,Gitega,2023-06-25,Rotavirus,0.0,2.9115608294137467
Burundi,Gitega,2023-07-02,Cholera,0.0,3.4011528532507374
Burundi,Gitega,2023-07-02,E. coli,0.0,2.91698962948565
Burundi,Gitega,2023-07-02,Salmonella,0.0,3.120238691807328
Burundi,Gitega,2023-07-02,Shigella,9.7,3.4254668388479574
Burundi,Gitega,2023-07-02,Rotavirus,3.4,2.263988482816202
Burundi,Gitega,2023-07-09,Cholera,0.0,2.265655150330324
Burundi,Gitega,2023-07-09,E. coli,8.76,2.3708248224798942
Burundi,Gitega,2023-07-09,Salmonella,2.89,2.272675371779356
Burundi,Gitega,2023-07-09,Shigella,2.17,3.1873740393448737
Burundi,Gitega,2023-07-09,Rotavirus,0.0,2.3494182977973277
Burundi,Gitega,2023-07-16,Cholera,0.84,2.0302580663625327
Burundi,Gitega,2023-07-16,E. coli,3.87,2.196509311069672
Burundi,Gitega,2023-07-16,Salmonella,7.78,2.272675371779356
Burundi,Gitega,2023-07-16,Shigella,4.21,2.5496179582569285
Burundi,Gitega,2023-07-16,Rotavirus,0.0,2.263988482816202
Burundi,Gitega,2023-07-23,Cholera,0.0,2.0302580663625327
Burundi,Gitega,2023-07-23,E. coli,1.81,2.118779036511543
Burundi,Gitega,2023-07-23,Salmonella,0.0,1.9995246236546536
Burundi,Gitega,2023-07-23,Shigella,7.19,2.1667854269213302
Burundi,Gitega,2023-07-23,Rotavirus,1.67,2.085936961784162
Burundi,Gitega,2023-07-30,Cholera,10.09,7.647059920971912
Burundi,Gitega,2023-07-30,E. coli,3.95,2.118779036511543
Burundi,Gitega,2023-07-30,Salmonella,4.17,1.9995246236546536
Burundi,Gitega,2023-07-30,Shigella,0.0,2.1667854269213302
Burundi,Gitega,2023-07-30,Rotavirus,0.0,2.085936961784162
Burundi,Gitega,2023-08-06,Cholera,2.7,2.0302580663625327
Burundi,Gitega,2023-08-06,E. coli,0.38,2.118779036511543
Burundi,Gitega,2023-08-06,Salmonella,5.79,1.9995246236546536
Burundi,Gitega,2023-08-06,Shigella,2.2,2.1667854269213302
Burundi,Gitega,2023-08-06,Rotavirus,0.0,2.085936961784162
Burundi,Gitega,2023-08-13,Cholera,0.0,2.0302580663625327
Burundi,Gitega,2023-08-13,E. coli,0.0,2.118779036511543
Burundi,Gitega,2023-08-13,Salmonella,0.0,1.9995246236546536
Burundi,Gitega,2023-08-13,Shigella,5.28,2.1667854269213302
Burundi,Gitega,2023-08-13,Rotavirus,3.84,2.085936961784162
Burundi,Gitega,2023-08-20,Cholera,0.0,2.0302580663625327
Burundi,Gitega,2023-08-20,E. coli,0.0,2.118779036511543
Burundi,Gitega,2023-08-20,Salmonella,3.59,1.9995246236546536
Burundi,Gitega,2023-08-20,Shigella,4.77,2.1667854269213302
Burundi,Gitega,2023-08-20,Rotavirus,1.39,2.085936961784162
Burundi,Gitega,2023-08-27,Cholera,0.0,2.0302580663625327
Burundi,Gitega,2023-08-27,E. coli,7.78,2.118779036511543
Burundi,Gitega,2023-08-27,Salmonella,3.15,1.9995246236546536
Burundi,Gitega,2023-08-27,Shigella,0.0,2.1667854269213302
Burundi,Gitega,2023-08-27,Rotavirus,16.5,2.085936961784162
Burundi,Gitega,2023-09-03,Cholera,10.4,2.0302580663625327
Burundi,Gitega,2023-09-03,E. coli,4.24,2.118779036511543
Burundi,Gitega,2023-09-03,Salmonella,1.16,1.9995246236546536
Burundi,Gitega,2023-09-03,Shigella,0.02,2.1667854269213302
Burundi,Gitega,2023-09-03,Rotavirus,0.0,2.085936961784162
Burundi,Gitega,2023-09-10,Cholera,4.32,2.0302580663625327
Burundi,Gitega,2023-09-10,E. coli,0.0,2.118779036511543
Burundi,Gitega,2023-09-10,Salmonella,0.0,1.9995246236546536
Burundi,Gitega,2023-09-10,Shigella,1.91,2.1667854269213302
Burundi,Gitega,2023-09-10,Rotavirus,0.0,2.085936961784162
Burundi,Gitega,2023-09-17,Cholera,0.0,2.0302580663625327
Burundi,Gitega,2023-09-17,E. coli,4.97,2.118779036511543
Burundi,Gitega,2023-09-17,Salmonella,3.29,1.9995246236546536
Burundi,Gitega,2023-09-17,Shigella,0.0,2.1667854269213302
Burundi,Gitega,2023-09-17,Rotavirus,9.71,2.085936961784162
Burundi,Gitega,2023-09-24,Cholera,1.28,2.0302580663625327
Burundi,Gitega,2023-09-24,E. coli,0.0,2.118779036511543
Burundi,Gitega,2023-09-24,Salmonella,0.0,1.9995246236546536
Burundi,Gitega,2023-09-24,Shigella,0.0,2.1667854269213302
Burundi,Gitega,2023-09-24,Rotavirus,3.34,2.085936961784162
Burundi,Gitega,2023-10-01,Cholera,0.0,2.0302580663625327
Burundi,Gitega,2023-10-01,E. coli,0.12,2.118779036511543
Burundi,Gitega,2023-10-01,Salmonella,0.0,1.9995246236546536
Burundi,Gitega,2023-10-01,Shigella,0.0,2.1667854269213302
Burundi,Gitega,2023-10-01,Rotavirus,0.0,2.085936961784162
Burundi,Gitega,2023-10-08,Cholera,0.0,2.0302580663625327
Burundi,Gitega,2023-10-08,E. coli,4.5,2.118779036511543
Burundi,Gitega,2023-10-08,Salmonella,2.65,1.9995246236546536
Burundi,Gitega,2023-10-08,Shigella,0.0,2.1667854269213302
Burundi,Gitega,2023-10-08,Rotavirus,0.0,2.085936961784162
Burundi,Gitega,2023-10-15,Cholera,3.57,2.0302580663625327
Burundi,Gitega,2023-10-15,E. coli,2.95,2.118779036511543
Burundi,Gitega,2023-10-15,Salmonella,6.55,1.9995246236546536
Burundi,Gitega,2023-10-15,Shigella,3.85,2.1667854269213302
Burundi,Gitega,2023-10-15,Rotavirus,0.0,2.085936961784162
Burundi,Gitega,2023-10-22,Cholera,0.0,2.0302580663625327
Burundi,Gitega,2023-10-22,E. coli,11.04,6.46077457277828
Burundi,Gitega,2023-10-22,Salmonella,0.0,1.9995246236546536
Burundi,Gitega,2023-10-22,Shigella,0.0,2.1667854269213302
Burundi,Gitega,2023-10-22,Rotavirus,10.89,8.341949822702503
Burundi,Gitega,2023-10-29,Cholera,5.58,2.0302580663625327
Burundi,Gitega,2023-10-29,E. coli,0.0,2.118779036511543
Burundi,Gitega,2023-10-29,Salmonella,0.0,1.9995246236546536
Burundi,Gitega,2023-10-29,Shigella,0.0,2.1667854269213302
Burundi,Gitega,2023-10-29,Rotavirus,0.0,2.085936961784162
Burundi,Gitega,2023-11-05,Cholera,0.0,2.0302580663625327
Burundi,Gitega,2023-11-05,E. coli,3.5,2.118779036511543
Burundi,Gitega,2023-11-05,Salmonella,0.0,1.9995246236546536
Burundi,Gitega,2023-11-05,Shigella,0.0,2.1667854269213302
Burundi,Gitega,2023-11-05,Rotavirus,0.0,2.085936961784162
Burundi,Gitega,2023-11-12,Cholera,0.45,2.0302580663625327
Burundi,Gitega,2023-11-12,E. coli,8.41,2.118779036511543
Burundi,Gitega,2023-11-12,Salmonella,0.0,1.9995246236546536
Burundi,Gitega,2023-11-12,Shigella,9.5,2.1667854269213302
Burundi,Gitega,2023-11-12,Rotavirus,1.7,2.085936961784162
Burundi,Gitega,2023-11-19,Cholera,0.0,2.0302580663625327
Burundi,Gitega,2023-11-19,E. coli,0.0,2.118779036511543
Burundi,Gitega,2023-11-19,Salmonella,0.0,1.9995246236546536
Burundi,Gitega,2023-11-19,Shigella,0.68,9.136040169541268
Burundi,Gitega,2023-11-19,Rotavirus,6.72,2.085936961784162
Burundi,Gitega,2023-11-26,Cholera,0.0,2.0302580663625327
Burundi,Gitega,2023-11-26,E. coli,4.83,2.118779036511543
Burundi,Gitega,2023-11-26,Salmonella,0.0,1.9995246236546536
Burundi,Gitega,2023-11-26,Shigella,0.0,2.1667854269213302
Burundi,Gitega,2023-11-26,Rotavirus,14.12,8.02756752947799
Burundi,Gitega,2023-12-03,Cholera,5.96,7.859888909186594
Burundi,Gitega,2023-12-03,E. coli,0.0,2.118779036511543
Burundi,Gitega,2023-12-03,Salmonella,0.0,1.9995246236546536
Burundi,Gitega,2023-12-03,Shigella,0.34,2.1667854269213302
Burundi,Gitega,2023-12-03,Rotavirus,0.0,2.085936961784162
Burundi,Gitega,2023-12-10,Cholera,4.66,2.0302580663625327
Burundi,Gitega,2023-12-10,E. coli,0.01,2.118779036511543
Burundi,Gitega,2023-12-10,Salmonella,5.39,1.9995246236546536
Burundi,Gitega,2023-12-10,Shigella,11.62,6.144899603628694
Burundi,Gitega,2023-12-10,Rotavirus,0.0,2.085936961784162
Burundi,Gitega,2023-12-17,Cholera,0.0,2.265655150330324
Burundi,Gitega,2023-12-17,E. coli,10.95,2.492583573845325
Burundi,Gitega,2023-12-17,Salmonella,0.51,2.113303959980266
Burundi,Gitega,2023-12-17,Shigella,10.25,2.2622777821949436
Burundi,Gitega,2023-12-17,Rotavirus,0.42,2.085936961784162
Burundi,Gitega,2023-12-24,Cholera,0.0,2.854981009438903
Burundi,Gitega,2023-12-24,E. coli,0.0,2.855223582391413
Burundi,Gitega,2023-12-24,Salmonella,0.0,2.8989853388544815
Burundi,Gitega,2023-12-24,Shigella,0.41,3.4432771758575327
Burundi,Gitega,2023-12-24,Rotavirus,0.0,2.3024106795618042
DRC,Kinshasa,2023-01-01,Cholera,4.73,2.8540208283331827
DRC,Kinshasa,2023-01-01,E. coli,4.57,2.7188982090018623
DRC,Kinshasa,2023-01-01,Salmonella,0.0,2.168665898618565
DRC,Kinshasa,2023-01-01,Shigella,0.0,3.066775040335918
DRC,Kinshasa,2023-01-01,Rotavirus,1.3,2.870718789314624
DRC,Kinshasa,2023-01-08,Cholera,0.0,1.953367978082622
DRC,Kinshasa,2023-01-08,E. coli,0.0,2.4383147691828935
DRC,Kinshasa,2023-01-08,Salmonella,0.0,2.853013053664348
DRC,Kinshasa,2023-01-08,Shigella,8.81,3.8691170535378756
DRC,Kinshasa,2023-01-08,Rotavirus,0.96,2.870718789314624
DRC,Kinshasa,2023-01-15,Cholera,0.0,2.871687267572956
DRC,Kinshasa,2023-01-15,E. coli,0.0,2.7960663154339525
DRC,Kinshasa,2023-01-15,Salmonella,0.0,2.9127967615437935
DRC,Kinshasa,2023-01-15,Shigella,3.8,3.5679225948081528
DRC,Kinshasa,2023-01-15,Rotavirus,5.37,4.042765759516452
DRC,Kinshasa,2023-01-22,Cholera,4.24,3.814263267110241
DRC,Kinshasa,2023-01-22,E. coli,5.97,3.143643631580543
DRC,Kinshasa,2023-01-22,Salmonella,2.73,2.9127967615437935
DRC,Kinshasa,2023-01-22,Shigella,0.0,3.056365144019827
DRC,Kinshasa,2023-01-22,Rotavirus,14.1,4.042765759516452
DRC,Kinshasa,2023-01-29,Cholera,0.0,3.790847396809919
DRC,Kinshasa,2023-01-29,E. coli,0.0,3.2620222781934682
DRC,Kinshasa,2023-01-29,Salmonella,6.64,10.58884784186108
DRC,Kinshasa,2023-01-29,Shigella,7.85,3.8439426079685837
DRC,Kinshasa,2023-01-29,Rotavirus,6.32,3.957829943657
DRC,Kinshasa,2023-02-05,Cholera,7.1,3.790847396809919
DRC,Kinshasa,2023-02-05,E. coli,2.09,5.069130343506609
DRC,Kinshasa,2023-02-05,Salmonella,1.2,3.824828776855705
DRC,Kinshasa,2023-02-05,Shigella,0.0,3.773951137175464
DRC,Kinshasa,2023-02-05,Rotavirus,7.32,3.811153025013719
DRC,Kinshasa,2023-02-12,Cholera,1.25,3.866124410603439
DRC,Kinshasa,2023-02-12,E. coli,0.0,3.637732067920612
DRC,Kinshasa,2023-02-12,Salmonella,6.93,4.974710488378105
DRC,Kinshasa,2023-02-12,Shigella,0.0,4.622220479027971
DRC,Kinshasa,2023-02-12,Rotavirus,12.99,4.042765759516452
DRC,Kinshasa,2023-02-19,Cholera,2.8,3.8431089903581745
DRC,Kinshasa,2023-02-19,E. coli,0.0,3.6912413286636117
DRC,Kinshasa,2023-02-19,Salmonella,0.0,3.9049983563558617
DRC,Kinshasa,2023-02-19,Shigella,7.51,3.8439426079685837
DRC,Kinshasa,2023-02-19,Rotavirus,1.71,4.8135374679766585
DRC,Kinshasa,2023-02-26,Cholera,3.35,4.712259996563963
DRC,Kinshasa,2023-02-26,E. coli,6.56,3.5756415935896717
DRC,Kinshasa,2023-02-26,Salmonella,3.26,3.824828776855705
DRC,Kinshasa,2023-02-26,Shigella,1.1,3.8046692359516476
DRC,Kinshasa,2023-02-26,Rotavirus,0.0,3.811153025013719
DRC,Kinshasa,2023-03-05,Cholera,5.37,4.887826265206466
DRC,Kinshasa,2023-03-05,E. coli,0.0,3.7527181558445943
DRC,Kinshasa,2023-03-05,Salmonella,11.74,3.9049983563558617
DRC,Kinshasa,2023-03-05,Shigella,5.29,3.429266002362784
DRC,Kinshasa,2023-03-05,Rotavirus,6.15,3.957829943657
DRC,Kinshasa,2023-03-12,Cholera,6.27,4.879498699397534
DRC,Kinshasa,2023-03-12,E. coli,0.0,3.6616095161906315
DRC,Kinshasa,2023-03-12,Salmonella,12.44,3.9049983563558617
DRC,Kinshasa,2023-03-12,Shigella,9.17,3.852345688137768
DRC,Kinshasa,2023-03-12,Rotavirus,0.0,3.825252555924643
DRC,Kinshasa,2023-03-19,Cholera,0.39,4.7490436266409315
DRC,Kinshasa,2023-03-19,E. coli,7.47,5.257020730180431
DRC,Kinshasa,2023-03-19,Salmonella,5.85,3.9177310366365052
DRC,Kinshasa,2023-03-19,Shigella,5.3,4.622220479027971
DRC,Kinshasa,2023-03-19,Rotavirus,2.33,3.8665311840371306
DRC,Kinshasa,2023-03-26,Cholera,7.26,3.814263267110241
DRC,Kinshasa,2023-03-26,E. coli,7.08,3.5756415935896717
DRC,Kinshasa,2023-03-26,Salmonella,6.98,3.824828776855705
DRC,Kinshasa,2023-03-26,Shigella,7.91,4.788102237364351
DRC,Kinshasa,2023-03-26,Rotavirus,2.88,4.797681924118892
DRC,Kinshasa,2023-04-02,Cholera,0.0,3.859796566689239
DRC,Kinshasa,2023-04-02,E. coli,6.28,4.987764354290889
DRC,Kinshasa,2023-04-02,Salmonella,0.0,3.9049983563558617
DRC,Kinshasa,2023-04-02,Shigella,0.0,4.64389078573184
DRC,Kinshasa,2023-04-02,Rotavirus,5.9,4.7552356483350495
DRC,Kinshasa,2023-04-09,Cholera,9.71,3.7643346008081795
DRC,Kinshasa,2023-04-09,E. coli,0.01,5.164604350129152
DRC,Kinshasa,2023-04-09,Salmonella,4.56,3.9177310366365052
DRC,Kinshasa,2023-04-09,Shigella,23.2,10.982150440830543
DRC,Kinshasa,2023-04-09,Rotavirus,8.36,5.162349350560018
DRC,Kinshasa,2023-04-16,Cholera,7.63,4.712259996563963
DRC,Kinshasa,2023-04-16,E. coli,5.64,3.631556725340461
DRC,Kinshasa,2023-04-16,Salmonella,5.5,3.9167859392666373
DRC,Kinshasa,2023-04-16,Shigella,0.0,4.64389078573184
DRC,Kinshasa,2023-04-16,Rotavirus,8.04,3.885591708231974
DRC,Kinshasa,2023-04-23,Cholera,0.71,4.727373319937061
DRC,Kinshasa,2023-04-23,E. coli,4.39,5.207529097851777
DRC,Kinshasa,2023-04-23,Salmonella,4.27,3.824828776855705
DRC,Kinshasa,2023-04-23,Shigella,0.7,3.793255478142113
DRC,Kinshasa,2023-04-23,Rotavirus,11.14,3.8665311840371306
DRC,Kinshasa,2023-04-30,Cholera,5.36,3.790847396809919
DRC,Kinshasa,2023-04-30,E. coli,0.0,5.207529097851777
DRC,Kinshasa,2023-04-30,Salmonella,10.32,3.9177310366365052
DRC,Kinshasa,2023-04-30,Shigella,0.0,4.769210441821777
DRC,Kinshasa,2023-04-30,Rotavirus,9.02,11.778183333846075
DRC,Kinshasa,2023-05-07,Cholera,6.14,10.402242537382305
DRC,Kinshasa,2023-05-07,E. coli,5.59,5.257020730180431
DRC,Kinshasa,2023-05-07,Salmonella,1.41,3.4651460120677346
DRC,Kinshasa,2023-05-07,Shigella,1.56,3.8046692359516476
DRC,Kinshasa,2023-05-07,Rotavirus,0.0,3.8609885111336832
DRC,Kinshasa,2023-05-14,Cholera,2.65,3.4181714418236053
DRC,Kinshasa,2023-05-14,E. coli,6.79,4.987764354290889
DRC,Kinshasa,2023-05-14,Salmonella,0.0,3.9167859392666373
DRC,Kinshasa,2023-05-14,Shigella,5.72,3.8261199388789953
DRC,Kinshasa,2023-05-14,Rotavirus,6.21,4.802169851919338
DRC,Kinshasa,2023-05-21,Cholera,1.16,3.7643346008081795
DRC,Kinshasa,2023-05-21,E. coli,1.97,3.5756415935896717
DRC,Kinshasa,2023-05-21,Salmonella,2.42,3.9177310366365052
DRC,Kinshasa,2023-05-21,Shigella,6.58,3.5679225948081528
DRC,Kinshasa,2023-05-21,Rotavirus,6.79,3.862576287986709
DRC,Kinshasa,2023-05-28,Cholera,8.94,3.8431089903581745
DRC,Kinshasa,2023-05-28,E. coli,0.85,3.2620222781934682
DRC,Kinshasa,2023-05-28,Salmonella,4.53,3.8642521828538703
DRC,Kinshasa,2023-05-28,Shigella,0.43,3.8046692359516476
DRC,Kinshasa,2023-05-28,Rotavirus,0.0,2.988011859009715
DRC,Kinshasa,2023-06-04,Cholera,4.17,3.4181714418236053
DRC,Kinshasa,2023-06-04,E. coli,0.0,3.5756415935896717
DRC,Kinshasa,2023-06-04,Salmonella,6.43,3.8487818667571854
DRC,Kinshasa,2023-06-04,Shigella,0.0,3.773951137175464
DRC,Kinshasa,2023-06-04,Rotavirus,10.86,3.6526934471784522
DRC,Kinshasa,2023-06-11,Cholera,5.05,2.871687267572956
DRC,Kinshasa,2023-06-11,E. coli,0.48,3.143643631580543
DRC,Kinshasa,2023-06-11,Salmonella,3.42,3.4651460120677346
DRC,Kinshasa,2023-06-11,Shigella,10.24,3.793255478142113
DRC,Kinshasa,2023-06-11,Rotavirus,4.45,2.988011859009715
DRC,Kinshasa,2023-06-18,Cholera,6.05,2.794519161140867
DRC,Kinshasa,2023-06-18,E. coli,0.0,2.4383147691828935
DRC,Kinshasa,2023-06-18,Salmonella,8.63,2.912514720856663
DRC,Kinshasa,2023-06-18,Shigella,3.22,3.5679225948081528
DRC,Kinshasa,2023-06-18,Rotavirus,0.0,2.9357683142109003
DRC,Kinshasa,2023-06-25,Cholera,0.0,2.8540208283331827
DRC,Kinshasa,2023-06-25,E. coli,0.0,2.7960663154339525
DRC,Kinshasa,2023-06-25,Salmonella,0.38,2.853013053664348
DRC,Kinshasa,2023-06-25,Shigella,1.23,3.066775040335918
DRC,Kinshasa,2023-06-25,Rotavirus,9.44,3.3355891751563065
DRC,Kinshasa,2023-07-02,Cholera,2.26,3.814263267110241
DRC,Kinshasa,2023-07-02,E. coli,0.0,1.9422941017855553
DRC,Kinshasa,2023-07-02,Salmonella,0.0,2.145545932517671
DRC,Kinshasa,2023-07-02,Shigella,0.0,3.8691170535378756
DRC,Kinshasa,2023-07-02,Rotavirus,0.0,2.493928202387746
DRC,Kinshasa,2023-07-09,Cholera,3.18,2.1055382574188304
DRC,Kinshasa,2023-07-09,E. coli,1.91,2.086591664444844
DRC,Kinshasa,2023-07-09,Salmonella,0.39,1.8966115816394506
DRC,Kinshasa,2023-07-09,Shigella,0.0,3.5679225948081528
DRC,Kinshasa,2023-07-09,Rotavirus,1.3,2.0838854009793355
DRC,Kinshasa,2023-07-16,Cholera,6.81,1.8823800603533587
DRC,Kinshasa,2023-07-16,E. coli,0.0,1.9422941017855553
DRC,Kinshasa,2023-07-16,Salmonella,0.0,1.8966115816394506
DRC,Kinshasa,2023-07-16,Shigella,0.0,1.8219417154194986
DRC,Kinshasa,2023-07-16,Rotavirus,0.0,1.8285564085420318
DRC,Kinshasa,2023-07-23,Cholera,0.91,1.8873020388528396
DRC,Kinshasa,2023-07-23,E. coli,3.4,1.9129917066424589
DRC,Kinshasa,2023-07-23,Salmonella,0.0,1.880014167531676
DRC,Kinshasa,2023-07-23,Shigella,1.24,1.841365213699416
DRC,Kinshasa,2023-07-23,Rotavirus,0.0,1.8285564085420318
DRC,Kinshasa,2023-07-30,Cholera,5.86,1.8873020388528396
DRC,Kinshasa,2023-07-30,E. coli,0.0,1.9129917066424589
DRC,Kinshasa,2023-07-30,Salmonella,0.0,1.880014167531676
DRC,Kinshasa,2023-07-30,Shigella,0.0,1.841365213699416
DRC,Kinshasa,2023-07-30,Rotavirus,0.0,1.8285564085420318
DRC,Kinshasa,2023-08-06,Cholera,0.0,1.8873020388528396
DRC,Kinshasa,2023-08-06,E. coli,0.0,1.9129917066424589
DRC,Kinshasa,2023-08-06,Salmonella,2.25,1.880014167531676
DRC,Kinshasa,2023-08-06,Shigella,1.66,1.841365213699416
DRC,Kinshasa,2023-08-06,Rotavirus,2.53,1.8285564085420318
DRC,Kinshasa,2023-08-13,Cholera,0.0,1.8873020388528396
DRC,Kinshasa,2023-08-13,E. coli,0.0,1.9129917066424589
DRC,Kinshasa,2023-08-13,Salmonella,11.04,1.880014167531676
DRC,Kinshasa,2023-08-13,Shigella,0.63,1.841365213699416
DRC,Kinshasa,2023-08-13,Rotavirus,0.0,1.8285564085420318
DRC,Kinshasa,2023-08-20,Cholera,7.38,1.8873020388528396
DRC,Kinshasa,2023-08-20,E. coli,6.49,1.9129917066424589
DRC,Kinshasa,2023-08-20,Salmonella,3.07,1.880014167531676
DRC,Kinshasa,2023-08-20,Shigella,0.0,1.841365213699416
DRC,Kinshasa,2023-08-20,Rotavirus,0.0,1.8285564085420318
DRC,Kinshasa,2023-08-27,Cholera,0.0,1.8873020388528396
DRC,Kinshasa,2023-08-27,E. coli,5.68,1.9129917066424589
DRC,Kinshasa,2023-08-27,Salmonella,0.0,1.880014167531676
DRC,Kinshasa,2023-08-27,Shigella,0.0,1.841365213699416
DRC,Kinshasa,2023-08-27,Rotavirus,2.98,1.8285564085420318
DRC,Kinshasa,2023-09-03,Cholera,0.0,1.8873020388528396
DRC,Kinshasa,2023-09-03,E. coli,0.0,1.9129917066424589
DRC,Kinshasa,2023-09-03,Salmonella,0.0,1.880014167531676
DRC,Kinshasa,2023-09-03,Shigella,0.0,1.841365213699416
DRC,Kinshasa,2023-09-03,Rotavirus,0.0,1.8285564085420318
DRC,Kinshasa,2023-09-10,Cholera,5.14,1.8873020388528396
DRC,Kinshasa,2023-09-10,E. coli,0.0,1.9129917066424589
DRC,Kinshasa,2023-09-10,Salmonella,13.21,4.863724570682746
DRC,Kinshasa,2023-09-10,Shigella,2.08,1.841365213699416
DRC,Kinshasa,2023-09-10,Rotavirus,0.0,1.8285564085420318
DRC,Kinshasa,2023-09-17,Cholera,0.65,1.8873020388528396
DRC,Kinshasa,2023-09-17,E. coli,4.1,1.9129917066424589
DRC,Kinshasa,2023-09-17,Salmonella,0.0,1.880014167531676
DRC,Kinshasa,2023-09-17,Shigella,0.59,1.841365213699416
DRC,Kinshasa,2023-09-17,Rotavirus,4.27,1.8285564085420318
DRC,Kinshasa,2023-09-24,Cholera,1.81,5.9801903656049795
DRC,Kinshasa,2023-09-24,E. coli,1.57,1.9129917066424589
DRC,Kinshasa,2023-09-24,Salmonella,1.67,1.880014167531676
DRC,Kinshasa,2023-09-24,Shigella,2.55,1.841365213699416
DRC,Kinshasa,2023-09-24,Rotavirus,0.0,1.8285564085420318
DRC,Kinshasa,2023-10-01,Cholera,0.12,1.8873020388528396
DRC,Kinshasa,2023-10-01,E. coli,0.0,1.9129917066424589
DRC,Kinshasa,2023-10-01,Salmonella,2.5,1.880014167531676
DRC,Kinshasa,2023-10-01,Shigella,0.0,1.841365213699416
DRC,Kinshasa,2023-10-01,Rotavirus,0.0,1.8285564085420318
DRC,Kinshasa,2023-10-08,Cholera,0.0,1.8873020388528396
DRC,Kinshasa,2023-10-08,E. coli,1.72,1.9129917066424589
DRC,Kinshasa,2023-10-08,Salmonella,2.96,1.880014167531676
DRC,Kinshasa,2023-10-08,Shigella,0.0,1.841365213699416
DRC,Kinshasa,2023-10-08,Rotavirus,0.0,1.8285564085420318
DRC,Kinshasa,2023-10-15,Cholera,0.0,1.8873020388528396
DRC,Kinshasa,2023-10-15,E. coli,3.33,1.9129917066424589
DRC,Kinshasa,2023-10-15,Salmonella,4.11,1.880014167531676
DRC,Kinshasa,2023-10-15,Shigella,0.0,1.841365213699416
DRC,Kinshasa,2023-10-15,Rotavirus,0.0,1.8285564085420318
DRC,Kinshasa,2023-10-22,Cholera,0.0,1.8873020388528396
DRC,Kinshasa,2023-10-22,E. coli,5.64,1.9129917066424589
DRC,Kinshasa,2023-10-22,Salmonella,4.05,1.880014167531676
DRC,Kinshasa,2023-10-22,Shigella,0.29,1.841365213699416
DRC,Kinshasa,2023-10-22,Rotavirus,6.95,1.8285564085420318
DRC,Kinshasa,2023-10-29,Cholera,0.0,1.8873020388528396
DRC,Kinshasa,2023-10-29,E. coli,0.0,1.9129917066424589
DRC,Kinshasa,2023-10-29,Salmonella,3.7,1.880014167531676
DRC,Kinshasa,2023-10-29,Shigella,0.0,1.841365213699416
DRC,Kinshasa,2023-10-29,Rotavirus,10.18,1.8285564085420318
DRC,Kinshasa,2023-11-05,Cholera,6.56,4.7490436266409315
DRC,Kinshasa,2023-11-05,E. coli,2.45,1.9129917066424589
DRC,Kinshasa,2023-11-05,Salmonella,0.0,1.880014167531676
DRC,Kinshasa,2023-11-05,Shigella,0.0,1.841365213699416
DRC,Kinshasa,2023-11-05,Rotavirus,4.23,1.8285564085420318
DRC,Kinshasa,2023-11-12,Cholera,4.22,1.8873020388528396
DRC,Kinshasa,2023-11-12,E. coli,0.0,1.9129917066424589
DRC,Kinshasa,2023-11-12,Salmonella,0.06,1.880014167531676
DRC,Kinshasa,2023-11-12,Shigella,1.6,1.841365213699416
DRC,Kinshasa,2023-11-12,Rotavirus,0.97,1.8285564085420318
DRC,Kinshasa,2023-11-19,Cholera,3.16,1.8873020388528396
DRC,Kinshasa,2023-11-19,E. coli,0.0,1.9129917066424589
DRC,Kinshasa,2023-11-19,Salmonella,5.06,1.880014167531676
DRC,Kinshasa,2023-11-19,Shigella,4.6,1.841365213699416
DRC,Kinshasa,2023-11-19,Rotavirus,0.0,1.8285564085420318
DRC,Kinshasa,2023-11-26,Cholera,0.37,1.8873020388528396
DRC,Kinshasa,2023-11-26,E. coli,6.04,1.9129917066424589
DRC,Kinshasa,2023-11-26,Salmonella,0.74,1.880014167531676
DRC,Kinshasa,2023-11-26,Shigella,0.42,1.841365213699416
DRC,Kinshasa,2023-11-26,Rotavirus,0.0,1.8285564085420318
DRC,Kinshasa,2023-12-03,Cholera,2.36,1.8873020388528396
DRC,Kinshasa,2023-12-03,E. coli,0.0,1.9129917066424589
DRC,Kinshasa,2023-12-03,Salmonella,5.23,1.880014167531676
DRC,Kinshasa,2023-12-03,Shigella,0.0,1.841365213699416
DRC,Kinshasa,2023-12-03,Rotavirus,1.61,1.8285564085420318
DRC,Kinshasa,2023-12-10,Cholera,0.0,1.8873020388528396
DRC,Kinshasa,2023-12-10,E. coli,0.0,1.9129917066424589
DRC,Kinshasa,2023-12-10,Salmonella,7.0,1.880014167531676
DRC,Kinshasa,2023-12-10,Shigella,4.7,1.841365213699416
DRC,Kinshasa,2023-12-10,Rotavirus,0.0,1.8285564085420318
DRC,Kinshasa,2023-12-17,Cholera,3.22,1.8873020388528396
DRC,Kinshasa,2023-12-17,E. coli,0.0,1.9422941017855553
DRC,Kinshasa,2023-12-17,Salmonella,9.51,1.880014167531676
DRC,Kinshasa,2023-12-17,Shigella,0.0,1.8734869877388554
DRC,Kinshasa,2023-12-17,Rotavirus,0.0,1.8236344300425507
DRC,Kinshasa,2023-12-24,Cholera,0.0,2.1055382574188304
DRC,Kinshasa,2023-12-24,E. coli,0.0,2.4383147691828935
DRC,Kinshasa,2023-12-24,Salmonella,0.0,1.9838337709183702
DRC,Kinshasa,2023-12-24,Shigella,0.15,2.6641870363535043
DRC,Kinshasa,2023-12-24,Rotavirus,8.79,2.870718789314624
DRC,Goma,2023-01-01,Cholera,10.41,8.794949082691016
DRC,Goma,2023-01-01,E. coli,0.0,2.1982624754746225
DRC,Goma,2023-01-01,Salmonella,2.75,2.7978416888765856
DRC,Goma,2023-01-01,Shigella,7.41,3.1350356185642507
DRC,Goma,2023-01-01,Rotavirus,0.65,2.205807844588348
DRC,Goma,2023-01-08,Cholera,3.72,3.3664092712447715
DRC,Goma,2023-01-08,E. coli,0.55,2.7990968855797065
DRC,Goma,2023-01-08,Salmonella,0.0,2.2061528972074287
DRC,Goma,2023-01-08,Shigella,3.43,3.4665982634884966
DRC,Goma,2023-01-08,Rotavirus,6.78,2.995509303061111
DRC,Goma,2023-01-15,Cholera,0.0,2.832011450077407
DRC,Goma,2023-01-15,E. coli,3.74,2.1982624754746225
DRC,Goma,2023-01-15,Salmonella,10.15,2.8431053426008877
DRC,Goma,2023-01-15,Shigella,0.0,3.285513131657024
DRC,Goma,2023-01-15,Rotavirus,4.44,2.995509303061111
DRC,Goma,2023-01-22,Cholera,5.02,3.0824441042629243
DRC,Goma,2023-01-22,E. coli,7.92,3.3106838578735402
DRC,Goma,2023-01-22,Salmonella,0.0,3.082018674507054
DRC,Goma,2023-01-22,Shigella,0.39,2.3196451181055595
DRC,Goma,2023-01-22,Rotavirus,10.58,3.1215833537047244
DRC,Goma,2023-01-29,Cholera,0.21,3.5671732644780834
DRC,Goma,2023-01-29,E. coli,3.61,3.2800448968480156
DRC,Goma,2023-01-29,Salmonella,4.36,3.5682480369788676
DRC,Goma,2023-01-29,Shigella,5.43,3.4470037257489783
DRC,Goma,2023-01-29,Rotavirus,0.0,3.5417895611806425
DRC,Goma,2023-02-05,Cholera,5.08,3.3610706507617425
DRC,Goma,2023-02-05,E. coli,0.0,2.99611193338641
DRC,Goma,2023-02-05,Salmonella,3.25,3.599724031127908
DRC,Goma,2023-02-05,Shigella,4.26,3.5873144901194163
DRC,Goma,2023-02-05,Rotavirus,2.8,2.9369084934113254
DRC,Goma,2023-02-12,Cholera,1.28,3.0824441042629243
DRC,Goma,2023-02-12,E. coli,4.04,5.070501402345856
DRC,Goma,2023-02-12,Salmonella,7.58,2.8431053426008877
DRC,Goma,2023-02-12,Shigella,0.49,3.5547961950565763
DRC,Goma,2023-02-12,Rotavirus,6.9,3.500460980949688
DRC,Goma,2023-02-19,Cholera,7.73,3.5222383611514703
DRC,Goma,2023-02-19,E. coli,0.0,3.301635637732267
DRC,Goma,2023-02-19,Salmonella,1.75,3.5682480369788676
DRC,Goma,2023-02-19,Shigella,4.07,3.6495170031942616
DRC,Goma,2023-02-19,Rotavirus,8.3,4.857899640449578
DRC,Goma,2023-02-26,Cholera,0.0,3.5417895611806425
DRC,Goma,2023-02-26,E. coli,8.71,3.301635637732267
DRC,Goma,2023-02-26,Salmonella,0.0,3.4215648268092678
DRC,Goma,2023-02-26,Shigella,5.57,8.761069840439013
DRC,Goma,2023-02-26,Rotavirus,2.31,5.750643694468648
DRC,Goma,2023-03-05,Cholera,7.07,3.5103135670316017
DRC,Goma,2023-03-05,E. coli,4.32,5.030502690539773
DRC,Goma,2023-03-05,Salmonella,4.56,3.675156073031456
DRC,Goma,2023-03-05,Shigella,0.0,3.5873144901194163
DRC,Goma,2023-03-05,Rotavirus,4.1,5.019264882631419
DRC,Goma,2023-03-12,Cholera,6.76,9.113456508930286
DRC,Goma,2023-03-12,E. coli,6.39,5.2842324157371
DRC,Goma,2023-03-12,Salmonella,6.84,3.4269034472922977
DRC,Goma,2023-03-12,Shigella,0.0,4.750112034962148
DRC,Goma,2023-03-12,Rotavirus,2.78,4.850054994876249
DRC,Goma,2023-03-19,Cholera,0.0,3.5671732644780834
DRC,Goma,2023-03-19,E. coli,0.0,5.030502690539773
DRC,Goma,2023-03-19,Salmonella,0.0,3.7234029541324833
DRC,Goma,2023-03-19,Shigella,7.49,4.750112034962148
DRC,Goma,2023-03-19,Rotavirus,4.18,3.585448617662174
DRC,Goma,2023-03-26,Cholera,0.0,3.61722160308419
DRC,Goma,2023-03-26,E. coli,8.44,5.226222114310538
DRC,Goma,2023-03-26,Salmonella,3.02,3.5682480369788676
DRC,Goma,2023-03-26,Shigella,8.67,4.896726920026558
DRC,Goma,2023-03-26,Rotavirus,4.58,5.486525465432808
DRC,Goma,2023-04-02,Cholera,1.88,3.5417895611806425
DRC,Goma,2023-04-02,E. coli,0.96,5.070501402345856
DRC,Goma,2023-04-02,Salmonella,3.92,4.640158877808719
DRC,Goma,2023-04-02,Shigella,5.17,3.5873144901194163
DRC,Goma,2023-04-02,Rotavirus,0.0,4.816053763218417
DRC,Goma,2023-04-09,Cholera,0.0,4.880274559630459
DRC,Goma,2023-04-09,E. coli,11.75,9.378405453868986
DRC,Goma,2023-04-09,Salmonella,0.14,4.621267082266144
DRC,Goma,2023-04-09,Shigella,4.5,5.649724643526988
DRC,Goma,2023-04-09,Rotavirus,7.73,4.857899640449578
DRC,Goma,2023-04-16,Cholera,7.98,4.869606920026558
DRC,Goma,2023-04-16,E. coli,0.0,3.61930978815821
DRC,Goma,2023-04-16,Salmonella,0.0,4.621267082266144
DRC,Goma,2023-04-16,Shigella,3.57,3.5677632900902445
DRC,Goma,2023-04-16,Rotavirus,7.25,4.857899640449578
DRC,Goma,2023-04-23,Cholera,8.53,16.2042895120312
DRC,Goma,2023-04-23,E. coli,4.6,5.070501402345856
DRC,Goma,2023-04-23,Salmonella,2.0,4.574583317647477
DRC,Goma,2023-04-23,Shigella,0.0,3.5547961950565763
DRC,Goma,2023-04-23,Rotavirus,0.19,2.9369084934113254
DRC,Goma,2023-04-30,Cholera,3.7,4.871946993821527
DRC,Goma,2023-04-30,E. coli,5.72,5.12339683158248
DRC,Goma,2023-04-30,Salmonella,1.59,2.868427331689548
DRC,Goma,2023-04-30,Shigella,3.06,3.6495170031942616
DRC,Goma,2023-04-30,Rotavirus,1.13,3.691016778653376
DRC,Goma,2023-05-07,Cholera,6.08,4.780239760162232
DRC,Goma,2023-05-07,E. coli,8.43,5.250869072455123
DRC,Goma,2023-05-07,Salmonella,7.55,3.675156073031456
DRC,Goma,2023-05-07,Shigella,8.7,4.750112034962148
DRC,Goma,2023-05-07,Rotavirus,0.29,3.6354969562682804
DRC,Goma,2023-05-14,Cholera,0.0,3.5222383611514703
DRC,Goma,2023-05-14,E. coli,3.98,5.2842324157371
DRC,Goma,2023-05-14,Salmonella,0.0,3.082018674507054
DRC,Goma,2023-05-14,Shigella,4.35,8.771746339863615
DRC,Goma,2023-05-14,Rotavirus,1.41,3.5123857750695566
DRC,Goma,2023-05-21,Cholera,4.96,9.138665599839378
DRC,Goma,2023-05-21,E. coli,15.22,11.680124360010794
DRC,Goma,2023-05-21,Salmonella,0.45,4.601224792847561
DRC,Goma,2023-05-21,Shigella,7.89,4.776753510162232
DRC,Goma,2023-05-21,Rotavirus,1.32,3.3716820539215733
DRC,Goma,2023-05-28,Cholera,0.0,3.3388320649117924
DRC,Goma,2023-05-28,E. coli,2.81,3.492905587685482
DRC,Goma,2023-05-28,Salmonella,0.0,3.082018674507054
DRC,Goma,2023-05-28,Shigella,3.41,3.285513131657024
DRC,Goma,2023-05-28,Rotavirus,10.48,3.6354969562682804
DRC,Goma,2023-06-04,Cholera,3.12,3.5103135670316017
DRC,Goma,2023-06-04,E. coli,3.61,3.46752188438804
DRC,Goma,2023-06-04,Salmonella,0.0,2.7978416888765856
DRC,Goma,2023-06-04,Shigella,4.66,3.5547961950565763
DRC,Goma,2023-06-04,Rotavirus,7.93,3.3716820539215733
DRC,Goma,2023-06-11,Cholera,1.99,2.874717837718711
DRC,Goma,2023-06-11,E. coli,17.08,2.5702717332910443
DRC,Goma,2023-06-11,Salmonella,0.0,2.7978416888765856
DRC,Goma,2023-06-11,Shigella,3.58,3.5547961950565763
DRC,Goma,2023-06-11,Rotavirus,3.34,3.585448617662174
DRC,Goma,2023-06-18,Cholera,5.08,2.9333186473684965
DRC,Goma,2023-06-18,E. coli,0.0,3.2800448968480156
DRC,Goma,2023-06-18,Salmonella,9.38,3.4215648268092678
DRC,Goma,2023-06-18,Shigella,3.02,3.285513131657024
DRC,Goma,2023-06-18,Rotavirus,4.97,3.3716820539215733
DRC,Goma,2023-06-25,Cholera,0.4,2.832011450077407
DRC,Goma,2023-06-25,E. coli,0.0,2.036439490184818
DRC,Goma,2023-06-25,Salmonella,0.45,2.2061528972074287
DRC,Goma,2023-06-25,Shigella,0.0,3.092887923752847
DRC,Goma,2023-06-25,Rotavirus,0.0,2.1476701093887742
DRC,Goma,2023-07-02,Cholera,8.87,2.047513366481885
DRC,Goma,2023-07-02,E. coli,0.0,2.1982624754746225
DRC,Goma,2023-07-02,Salmonella,0.15,2.9270281413393335
DRC,Goma,2023-07-02,Shigella,3.01,2.957671038426648
DRC,Goma,2023-07-02,Rotavirus,2.55,2.020678353579805
DRC,Goma,2023-07-09,Cholera,0.0,2.1693229658282687
DRC,Goma,2023-07-09,E. coli,0.0,2.5702717332910443
DRC,Goma,2023-07-09,Salmonella,2.22,2.638014503196867
DRC,Goma,2023-07-09,Shigella,3.93,2.3785596394437665
DRC,Goma,2023-07-09,Rotavirus,1.09,2.1476701093887742
DRC,Goma,2023-07-16,Cholera,6.99,1.923298914623145
DRC,Goma,2023-07-16,E. coli,0.0,1.9480406243356432
DRC,Goma,2023-07-16,Salmonella,8.48,1.9450557801083088
DRC,Goma,2023-07-16,Shigella,2.96,2.3196451181055595
DRC,Goma,2023-07-16,Rotavirus,5.71,9.099023244986453
DRC,Goma,2023-07-23,Cholera,0.0,1.923298914623145
DRC,Goma,2023-07-23,E. coli,9.79,1.9425350470592284
DRC,Goma,2023-07-23,Salmonella,6.15,6.608740699594981
DRC,Goma,2023-07-23,Shigella,0.0,2.0259163506133264
DRC,Goma,2023-07-23,Rotavirus,6.64,1.8484494233084763
DRC,Goma,2023-07-30,Cholera,0.0,1.923298914623145
DRC,Goma,2023-07-30,E. coli,6.64,1.9425350470592284
DRC,Goma,2023-07-30,Salmonella,0.0,1.8774812997945687
DRC,Goma,2023-07-30,Shigella,7.22,2.0259163506133264
DRC,Goma,2023-07-30,Rotavirus,6.37,1.8484494233084763
DRC,Goma,2023-08-06,Cholera,0.0,1.923298914623145
DRC,Goma,2023-08-06,E. coli,0.0,1.9425350470592284
DRC,Goma,2023-08-06,Salmonella,2.54,1.8774812997945687
DRC,Goma,2023-08-06,Shigella,0.0,2.0259163506133264
DRC,Goma,2023-08-06,Rotavirus,0.0,1.8484494233084763
DRC,Goma,2023-08-13,Cholera,0.0,1.923298914623145
DRC,Goma,2023-08-13,E. coli,0.0,1.9425350470592284
DRC,Goma,2023-08-13,Salmonella,0.0,1.8774812997945687
DRC,Goma,2023-08-13,Shigella,0.0,2.0259163506133264
DRC,Goma,2023-08-13,Rotavirus,2.48,1.8484494233084763
DRC,Goma,2023-08-20,Cholera,4.55,1.923298914623145
DRC,Goma,2023-08-20,E. coli,0.0,1.9425350470592284
DRC,Goma,2023-08-20,Salmonella,0.0,1.8774812997945687
DRC,Goma,2023-08-20,Shigella,0.0,2.0259163506133264
DRC,Goma,2023-08-20,Rotavirus,11.86,9.099023244986453
DRC,Goma,2023-08-27,Cholera,3.03,1.923298914623145
DRC,Goma,2023-08-27,E. coli,0.0,1.9425350470592284
DRC,Goma,2023-08-27,Salmonella,5.61,1.8774812997945687
DRC,Goma,2023-08-27,Shigella,0.0,6.649369251400738
DRC,Goma,2023-08-27,Rotavirus,5.83,1.8484494233084763
DRC,Goma,2023-09-03,Cholera,1.79,1.923298914623145
DRC,Goma,2023-09-03,E. coli,0.0,1.9425350470592284
DRC,Goma,2023-09-03,Salmonella,1.29,1.8774812997945687
DRC,Goma,2023-09-03,Shigella,10.37,8.771746339863615
DRC,Goma,2023-09-03,Rotavirus,0.0,1.8484494233084763
DRC,Goma,2023-09-10,Cholera,0.0,1.923298914623145
DRC,Goma,2023-09-10,E. coli,0.0,1.9425350470592284
DRC,Goma,2023-09-10,Salmonella,0.0,1.8774812997945687
DRC,Goma,2023-09-10,Shigella,10.5,2.0259163506133264
DRC,Goma,2023-09-10,Rotavirus,0.0,1.8484494233084763
DRC,Goma,2023-09-17,Cholera,0.0,1.923298914623145
DRC,Goma,2023-09-17,E. coli,5.54,1.9425350470592284
DRC,Goma,2023-09-17,Salmonella,5.04,1.8774812997945687
DRC,Goma,2023-09-17,Shigella,3.21,2.0259163506133264
DRC,Goma,2023-09-17,Rotavirus,0.0,1.8484494233084763
DRC,Goma,2023-09-24,Cholera,3.08,1.923298914623145
DRC,Goma,2023-09-24,E. coli,1.52,1.9425350470592284
DRC,Goma,2023-09-24,Salmonella,0.79,4.574583317647477
DRC,Goma,2023-09-24,Shigella,0.0,2.0259163506133264
DRC,Goma,2023-09-24,Rotavirus,0.0,1.8484494233084763
DRC,Goma,2023-10-01,Cholera,0.0,1.923298914623145
DRC,Goma,2023-10-01,E. coli,0.0,1.9425350470592284
DRC,Goma,2023-10-01,Salmonella,0.0,1.8774812997945687
DRC,Goma,2023-10-01,Shigella,0.0,2.0259163506133264
DRC,Goma,2023-10-01,Rotavirus,0.0,1.8484494233084763
DRC,Goma,2023-10-08,Cholera,0.0,1.923298914623145
DRC,Goma,2023-10-08,E. coli,3.05,1.9425350470592284
DRC,Goma,2023-10-08,Salmonella,1.33,1.8774812997945687
DRC,Goma,2023-10-08,Shigella,0.0,2.0259163506133264
DRC,Goma,2023-10-08,Rotavirus,3.09,1.8484494233084763
DRC,Goma,2023-10-15,Cholera,1.42,1.923298914623145
DRC,Goma,2023-10-15,E. coli,0.0,1.9425350470592284
DRC,Goma,2023-10-15,Salmonella,1.65,1.8774812997945687
DRC,Goma,2023-10-15,Shigella,10.0,2.0259163506133264
DRC,Goma,2023-10-15,Rotavirus,3.88,1.8484494233084763
DRC,Goma,2023-10-22,Cholera,0.0,1.923298914623145
DRC,Goma,2023-10-22,E. coli,2.44,1.9425350470592284
DRC,Goma,2023-10-22,Salmonella,8.54,1.8774812997945687
DRC,Goma,2023-10-22,Shigella,6.22,2.0259163506133264
DRC,Goma,2023-10-22,Rotavirus,0.0,1.8484494233084763
DRC,Goma,2023-10-29,Cholera,2.31,1.923298914623145
DRC,Goma,2023-10-29,E. coli,0.24,1.9425350470592284
DRC,Goma,2023-10-29,Salmonella,8.39,1.8774812997945687
DRC,Goma,2023-10-29,Shigella,5.1,2.0259163506133264
DRC,Goma,2023-10-29,Rotavirus,0.0,1.8484494233084763
DRC,Goma,2023-11-05,Cholera,0.0,1.923298914623145
DRC,Goma,2023-11-05,E. coli,8.97,1.9425350470592284
DRC,Goma,2023-11-05,Salmonella,0.0,1.8774812997945687
DRC,Goma,2023-11-05,Shigella,0.0,2.0259163506133264
DRC,Goma,2023-11-05,Rotavirus,4.84,1.8484494233084763
DRC,Goma,2023-11-12,Cholera,0.0,1.923298914623145
DRC,Goma,2023-11-12,E. coli,2.52,1.9425350470592284
DRC,Goma,2023-11-12,Salmonella,0.93,1.8774812997945687
DRC,Goma,2023-11-12,Shigella,2.8,2.0259163506133264
DRC,Goma,2023-11-12,Rotavirus,0.0,1.8484494233084763
DRC,Goma,2023-11-19,Cholera,0.0,1.923298914623145
DRC,Goma,2023-11-19,E. coli,0.0,1.9425350470592284
DRC,Goma,2023-11-19,Salmonella,0.0,1.8774812997945687
DRC,Goma,2023-11-19,Shigella,5.68,2.0259163506133264
DRC,Goma,2023-11-19,Rotavirus,0.0,1.8484494233084763
DRC,Goma,2023-11-26,Cholera,0.0,1.923298914623145
DRC,Goma,2023-11-26,E. coli,0.0,1.9425350470592284
DRC,Goma,2023-11-26,Salmonella,2.32,1.8774812997945687
DRC,Goma,2023-11-26,Shigella,0.0,2.0259163506133264
DRC,Goma,2023-11-26,Rotavirus,0.0,1.8484494233084763
DRC,Goma,2023-12-03,Cholera,7.45,1.923298914623145
DRC,Goma,2023-12-03,E. coli,8.69,1.9425350470592284
DRC,Goma,2023-12-03,Salmonella,4.27,1.8774812997945687
DRC,Goma,2023-12-03,Shigella,0.0,2.0259163506133264
DRC,Goma,2023-12-03,Rotavirus,0.0,1.8484494233084763
DRC,Goma,2023-12-10,Cholera,1.74,1.923298914623145
DRC,Goma,2023-12-10,E. coli,0.0,1.9425350470592284
DRC,Goma,2023-12-10,Salmonella,0.0,1.8774812997945687
DRC,Goma,2023-12-10,Shigella,0.0,2.0259163506133264
DRC,Goma,2023-12-10,Rotavirus,0.0,1.8484494233084763
DRC,Goma,2023-12-17,Cholera,0.63,2.1693229658282687
DRC,Goma,2023-12-17,E. coli,0.0,1.9480406243356432
DRC,Goma,2023-12-17,Salmonella,0.87,1.9450557801083088
DRC,Goma,2023-12-17,Shigella,0.0,2.0259163506133264
DRC,Goma,2023-12-17,Rotavirus,0.0,2.020678353579805
DRC,Goma,2023-12-24,Cholera,0.74,2.1693229658282687
DRC,Goma,2023-12-24,E. coli,0.0,2.1503763728542826
DRC,Goma,2023-12-24,Salmonella,0.0,1.9450557801083088
DRC,Goma,2023-12-24,Shigella,0.0,2.141854659526506
DRC,Goma,2023-12-24,Rotavirus,8.16,2.020678353579805
DRC,Lubumbashi,2023-01-01,Cholera,0.0,2.7435527966944404
DRC,Lubumbashi,2023-01-01,E. coli,2.56,2.4731930300237592
DRC,Lubumbashi,2023-01-01,Salmonella,0.0,2.2370662351518806
DRC,Lubumbashi,2023-01-01,Shigella,3.67,3.0723198504716724
DRC,Lubumbashi,2023-01-01,Rotavirus,0.0,2.2367211825328006
DRC,Lubumbashi,2023-01-08,Cholera,0.0,2.7888164504187425
DRC,Lubumbashi,2023-01-08,E. coli,0.0,3.2588677202845333
DRC,Lubumbashi,2023-01-08,Salmonella,2.16,3.022671871287804
DRC,Lubumbashi,2023-01-08,Shigella,1.89,3.0676431645944233
DRC,Lubumbashi,2023-01-08,Rotavirus,2.67,2.5288064632286114
DRC,Lubumbashi,2023-01-15,Cholera,1.23,2.8914187532401554
DRC,Lubumbashi,2023-01-15,E. coli,1.47,3.235699992329609
DRC,Lubumbashi,2023-01-15,Salmonella,0.0,2.8851282472109925
DRC,Lubumbashi,2023-01-15,Shigella,2.05,3.0676431645944233
DRC,Lubumbashi,2023-01-15,Rotavirus,6.71,2.95360940893277
DRC,Lubumbashi,2023-01-22,Cholera,0.0,3.4529258638198455
DRC,Lubumbashi,2023-01-22,E. coli,6.09,3.289506681310058
DRC,Lubumbashi,2023-01-22,Salmonella,4.31,3.3609678018896396
DRC,Lubumbashi,2023-01-22,Shigella,0.29,7.930271401645545
DRC,Lubumbashi,2023-01-22,Rotavirus,6.53,3.0622365504854736
DRC,Lubumbashi,2023-01-29,Cholera,7.1,4.828084903048142
DRC,Lubumbashi,2023-01-29,E. coli,0.0,2.667931844555436
DRC,Lubumbashi,2023-01-29,Salmonella,0.0,3.022671871287804
DRC,Lubumbashi,2023-01-29,Shigella,0.32,3.0676431645944233
DRC,Lubumbashi,2023-01-29,Rotavirus,2.86,3.462802634801317
DRC,Lubumbashi,2023-02-05,Cholera,0.0,3.520878150535796
DRC,Lubumbashi,2023-02-05,E. coli,0.0,5.029613596137548
DRC,Lubumbashi,2023-02-05,Salmonella,5.75,3.022671871287804
DRC,Lubumbashi,2023-02-05,Shigella,2.76,3.2615634780289224
DRC,Lubumbashi,2023-02-05,Rotavirus,5.34,3.5851222383652903
DRC,Lubumbashi,2023-02-12,Cholera,1.07,3.4529258638198455
DRC,Lubumbashi,2023-02-12,E. coli,0.0,2.93676513016716
DRC,Lubumbashi,2023-02-12,Salmonella,5.74,3.3609678018896396
DRC,Lubumbashi,2023-02-12,Shigella,3.69,3.477196179530385
DRC,Lubumbashi,2023-02-12,Rotavirus,11.47,3.5851222383652903
DRC,Lubumbashi,2023-02-19,Cholera,9.75,3.611243236698938
DRC,Lubumbashi,2023-02-19,E. coli,1.99,3.4925792083885976
DRC,Lubumbashi,2023-02-19,Salmonella,0.0,3.3609678018896396
DRC,Lubumbashi,2023-02-19,Shigella,8.44,3.6399637557856885
DRC,Lubumbashi,2023-02-19,Rotavirus,0.66,3.462802634801317
DRC,Lubumbashi,2023-02-26,Cholera,5.36,3.4529258638198455
DRC,Lubumbashi,2023-02-26,E. coli,8.55,3.4466104737431933
DRC,Lubumbashi,2023-02-26,Salmonella,0.18,4.583665561125103
DRC,Lubumbashi,2023-02-26,Shigella,7.7,3.5795866516643855
DRC,Lubumbashi,2023-02-26,Rotavirus,5.81,4.90264344578272
DRC,Lubumbashi,2023-03-05,Cholera,0.0,3.4726552208832313
DRC,Lubumbashi,2023-03-05,E. coli,1.16,5.162951187056457
DRC,Lubumbashi,2023-03-05,Salmonella,0.0,4.583665561125103
DRC,Lubumbashi,2023-03-05,Shigella,4.14,3.730687577943714
DRC,Lubumbashi,2023-03-05,Rotavirus,10.76,4.90264344578272
DRC,Lubumbashi,2023-03-12,Cholera,0.0,4.801443427848057
DRC,Lubumbashi,2023-03-12,E. coli,2.15,8.044937221729025
DRC,Lubumbashi,2023-03-12,Salmonella,0.0,3.3609678018896396
DRC,Lubumbashi,2023-03-12,Shigella,2.51,3.6843601073034273
DRC,Lubumbashi,2023-03-12,Rotavirus,6.85,4.902881435030419
DRC,Lubumbashi,2023-03-19,Cholera,8.75,4.828084903048142
DRC,Lubumbashi,2023-03-19,E. coli,3.89,3.6133314217729584
DRC,Lubumbashi,2023-03-19,Salmonella,3.02,4.704381015648213
DRC,Lubumbashi,2023-03-19,Shigella,0.0,4.918893909679196
DRC,Lubumbashi,2023-03-19,Rotavirus,3.12,3.443073277737932
DRC,Lubumbashi,2023-03-26,Cholera,0.0,4.878689163504184
DRC,Lubumbashi,2023-03-26,E. coli,13.07,5.029613596137548
DRC,Lubumbashi,2023-03-26,Salmonella,0.0,3.5305896908304963
DRC,Lubumbashi,2023-03-26,Shigella,0.0,3.730687577943714
DRC,Lubumbashi,2023-03-26,Rotavirus,9.69,4.902881435030419
DRC,Lubumbashi,2023-04-02,Cholera,0.91,3.611243236698938
DRC,Lubumbashi,2023-04-02,E. coli,3.63,5.239431918438819
DRC,Lubumbashi,2023-04-02,Salmonella,5.14,4.610307036325187
DRC,Lubumbashi,2023-04-02,Shigella,1.15,4.910566343870263
DRC,Lubumbashi,2023-04-02,Rotavirus,0.84,4.90264344578272
DRC,Lubumbashi,2023-04-09,Cholera,2.99,3.611243236698938
DRC,Lubumbashi,2023-04-09,E. coli,4.8,3.536975559906336
DRC,Lubumbashi,2023-04-09,Salmonella,1.49,4.609752810716132
DRC,Lubumbashi,2023-04-09,Shigella,0.0,4.775181986381475
DRC,Lubumbashi,2023-04-09,Rotavirus,0.0,3.6850384122681237
DRC,Lubumbashi,2023-04-16,Cholera,0.45,2.8914187532401554
DRC,Lubumbashi,2023-04-16,E. coli,0.09,3.4925792083885976
DRC,Lubumbashi,2023-04-16,Salmonella,2.42,3.578812620483062
DRC,Lubumbashi,2023-04-16,Shigella,10.47,3.477196179530385
DRC,Lubumbashi,2023-04-16,Rotavirus,4.36,4.9017292233275445
DRC,Lubumbashi,2023-04-23,Cholera,8.56,3.3004736258421143
DRC,Lubumbashi,2023-04-23,E. coli,0.0,3.3923327649101975
DRC,Lubumbashi,2023-04-23,Salmonella,0.0,4.650207168615468
DRC,Lubumbashi,2023-04-23,Shigella,4.09,7.803810308945222
DRC,Lubumbashi,2023-04-23,Rotavirus,2.92,3.6850384122681237
DRC,Lubumbashi,2023-04-30,Cholera,7.58,3.611243236698938
DRC,Lubumbashi,2023-04-30,E. coli,0.94,5.029613596137548
DRC,Lubumbashi,2023-04-30,Salmonella,0.0,3.5305896908304963
DRC,Lubumbashi,2023-04-30,Shigella,8.32,4.775181986381475
DRC,Lubumbashi,2023-04-30,Rotavirus,4.09,4.844419079619143
DRC,Lubumbashi,2023-05-07,Cholera,0.0,3.666763059084033
DRC,Lubumbashi,2023-05-07,E. coli,0.0,3.536975559906336
DRC,Lubumbashi,2023-05-07,Salmonella,0.0,3.3636872208018866
DRC,Lubumbashi,2023-05-07,Shigella,2.93,3.6278095813169506
DRC,Lubumbashi,2023-05-07,Rotavirus,10.45,2.9129138446298537
DRC,Lubumbashi,2023-05-14,Cholera,9.56,3.3398934741982607
DRC,Lubumbashi,2023-05-14,E. coli,0.0,2.93676513016716
DRC,Lubumbashi,2023-05-14,Salmonella,7.34,3.5108603337671123
DRC,Lubumbashi,2023-05-14,Shigella,0.04,3.1110859649361498
DRC,Lubumbashi,2023-05-14,Rotavirus,3.05,3.5851222383652903
DRC,Lubumbashi,2023-05-21,Cholera,11.44,3.4726552208832313
DRC,Lubumbashi,2023-05-21,E. coli,0.47,3.4925792083885976
DRC,Lubumbashi,2023-05-21,Salmonella,0.0,3.4003876502457864
DRC,Lubumbashi,2023-05-21,Shigella,17.23,7.944063977529157
DRC,Lubumbashi,2023-05-21,Rotavirus,15.32,10.159117286238102
DRC,Lubumbashi,2023-05-28,Cholera,5.36,3.3004736258421143
DRC,Lubumbashi,2023-05-28,E. coli,0.0,3.235699992329609
DRC,Lubumbashi,2023-05-28,Salmonella,3.44,3.4003876502457864
DRC,Lubumbashi,2023-05-28,Shigella,5.91,7.8633162053028585
DRC,Lubumbashi,2023-05-28,Rotavirus,10.37,3.0622365504854736
DRC,Lubumbashi,2023-06-04,Cholera,18.35,8.131848280245718
DRC,Lubumbashi,2023-06-04,E. coli,3.61,3.235699992329609
DRC,Lubumbashi,2023-06-04,Salmonella,0.0,3.022671871287804
DRC,Lubumbashi,2023-06-04,Shigella,6.32,3.730687577943714
DRC,Lubumbashi,2023-06-04,Rotavirus,0.19,3.443073277737932
DRC,Lubumbashi,2023-06-11,Cholera,4.87,2.8914187532401554
DRC,Lubumbashi,2023-06-11,E. coli,3.24,3.3923327649101975
DRC,Lubumbashi,2023-06-11,Salmonella,7.91,3.3636872208018866
DRC,Lubumbashi,2023-06-11,Shigella,1.71,3.477196179530385
DRC,Lubumbashi,2023-06-11,Rotavirus,0.0,7.1412384289399515
DRC,Lubumbashi,2023-06-18,Cholera,4.47,2.7888164504187425
DRC,Lubumbashi,2023-06-18,E. coli,0.0,2.7131954982797377
DRC,Lubumbashi,2023-06-18,Salmonella,0.0,2.7999103429422227
DRC,Lubumbashi,2023-06-18,Shigella,0.0,3.1110859649361498
DRC,Lubumbashi,2023-06-18,Rotavirus,0.6,2.95360940893277
DRC,Lubumbashi,2023-06-25,Cholera,0.41,2.7888164504187425
DRC,Lubumbashi,2023-06-25,E. coli,0.0,2.4731930300237592
DRC,Lubumbashi,2023-06-25,Salmonella,7.6,10.387897251545501
DRC,Lubumbashi,2023-06-25,Shigella,3.19,3.441484088580257
DRC,Lubumbashi,2023-06-25,Rotavirus,5.58,2.5288064632286114
DRC,Lubumbashi,2023-07-02,Cholera,0.0,2.7435527966944404
DRC,Lubumbashi,2023-07-02,E. coli,5.39,2.7751022367982348
DRC,Lubumbashi,2023-07-02,Salmonella,0.0,2.8444326829080757
DRC,Lubumbashi,2023-07-02,Shigella,0.0,3.0676431645944233
DRC,Lubumbashi,2023-07-02,Rotavirus,3.36,2.5288064632286114
DRC,Lubumbashi,2023-07-09,Cholera,5.69,2.017073832727225
DRC,Lubumbashi,2023-07-09,E. coli,2.33,2.2291758134190744
DRC,Lubumbashi,2023-07-09,Salmonella,1.14,2.0612113021021887
DRC,Lubumbashi,2023-07-09,Shigella,3.27,2.3572652511060634
DRC,Lubumbashi,2023-07-09,Rotavirus,7.7,2.7945847589653225
DRC,Lubumbashi,2023-07-16,Cholera,0.0,2.017073832727225
DRC,Lubumbashi,2023-07-16,E. coli,1.38,2.201279184482945
DRC,Lubumbashi,2023-07-16,Salmonella,2.3,1.9927756105059038
DRC,Lubumbashi,2023-07-16,Shigella,0.0,2.104376365460021
DRC,Lubumbashi,2023-07-16,Rotavirus,11.91,1.9122731147099328
DRC,Lubumbashi,2023-07-23,Cholera,1.14,1.97101874502074
DRC,Lubumbashi,2023-07-23,E. coli,11.89,6.737330832700295
DRC,Lubumbashi,2023-07-23,Salmonella,0.0,1.925201130192164
DRC,Lubumbashi,2023-07-23,Shigella,0.0,2.0550888661982807
DRC,Lubumbashi,2023-07-23,Rotavirus,5.53,1.9122731147099328
DRC,Lubumbashi,2023-07-30,Cholera,0.0,1.97101874502074
DRC,Lubumbashi,2023-07-30,E. coli,4.38,1.9967084128103594
DRC,Lubumbashi,2023-07-30,Salmonella,0.0,1.925201130192164
DRC,Lubumbashi,2023-07-30,Shigella,2.91,2.0550888661982807
DRC,Lubumbashi,2023-07-30,Rotavirus,3.9,1.9122731147099328
DRC,Lubumbashi,2023-08-06,Cholera,1.21,1.97101874502074
DRC,Lubumbashi,2023-08-06,E. coli,2.1,1.9967084128103594
DRC,Lubumbashi,2023-08-06,Salmonella,4.95,6.421432438567982
DRC,Lubumbashi,2023-08-06,Shigella,0.0,2.0550888661982807
DRC,Lubumbashi,2023-08-06,Rotavirus,3.58,1.9122731147099328
DRC,Lubumbashi,2023-08-13,Cholera,1.77,1.97101874502074
DRC,Lubumbashi,2023-08-13,E. coli,3.58,1.9967084128103594
DRC,Lubumbashi,2023-08-13,Salmonella,2.67,1.925201130192164
DRC,Lubumbashi,2023-08-13,Shigella,0.0,2.0550888661982807
DRC,Lubumbashi,2023-08-13,Rotavirus,0.16,1.9122731147099328
DRC,Lubumbashi,2023-08-20,Cholera,5.44,1.97101874502074
DRC,Lubumbashi,2023-08-20,E. coli,0.77,1.9967084128103594
DRC,Lubumbashi,2023-08-20,Salmonella,0.0,1.925201130192164
DRC,Lubumbashi,2023-08-20,Shigella,0.0,2.0550888661982807
DRC,Lubumbashi,2023-08-20,Rotavirus,2.08,1.9122731147099328
DRC,Lubumbashi,2023-08-27,Cholera,5.08,1.97101874502074
DRC,Lubumbashi,2023-08-27,E. coli,0.0,1.9967084128103594
DRC,Lubumbashi,2023-08-27,Salmonella,0.0,1.925201130192164
DRC,Lubumbashi,2023-08-27,Shigella,4.66,2.0550888661982807
DRC,Lubumbashi,2023-08-27,Rotavirus,0.0,1.9122731147099328
DRC,Lubumbashi,2023-09-03,Cholera,0.0,1.97101874502074
DRC,Lubumbashi,2023-09-03,E. coli,0.1,1.9967084128103594
DRC,Lubumbashi,2023-09-03,Salmonella,0.0,1.925201130192164
DRC,Lubumbashi,2023-09-03,Shigella,8.92,2.0550888661982807
DRC,Lubumbashi,2023-09-03,Rotavirus,2.01,1.9122731147099328
DRC,Lubumbashi,2023-09-10,Cholera,3.13,1.97101874502074
DRC,Lubumbashi,2023-09-10,E. coli,5.82,1.9967084128103594
DRC,Lubumbashi,2023-09-10,Salmonella,12.13,1.925201130192164
DRC,Lubumbashi,2023-09-10,Shigella,0.0,2.0550888661982807
DRC,Lubumbashi,2023-09-10,Rotavirus,0.0,1.9122731147099328
DRC,Lubumbashi,2023-09-17,Cholera,1.55,1.97101874502074
DRC,Lubumbashi,2023-09-17,E. coli,0.0,1.9967084128103594
DRC,Lubumbashi,2023-09-17,Salmonella,0.0,1.925201130192164
DRC,Lubumbashi,2023-09-17,Shigella,0.0,2.0550888661982807
DRC,Lubumbashi,2023-09-17,Rotavirus,0.0,1.9122731147099328
DRC,Lubumbashi,2023-09-24,Cholera,5.92,1.97101874502074
DRC,Lubumbashi,2023-09-24,E. coli,9.09,1.9967084128103594
DRC,Lubumbashi,2023-09-24,Salmonella,0.0,1.925201130192164
DRC,Lubumbashi,2023-09-24,Shigella,0.0,2.0550888661982807
DRC,Lubumbashi,2023-09-24,Rotavirus,2.89,1.9122731147099328
DRC,Lubumbashi,2023-10-01,Cholera,3.6,1.97101874502074
DRC,Lubumbashi,2023-10-01,E. coli,0.0,1.9967084128103594
DRC,Lubumbashi,2023-10-01,Salmonella,9.66,4.704381015648213
DRC,Lubumbashi,2023-10-01,Shigella,8.38,5.70556381202328
DRC,Lubumbashi,2023-10-01,Rotavirus,15.45,4.844419079619143
DRC,Lubumbashi,2023-10-08,Cholera,0.0,1.97101874502074
DRC,Lubumbashi,2023-10-08,E. coli,0.0,1.9967084128103594
DRC,Lubumbashi,2023-10-08,Salmonella,0.0,1.925201130192164
DRC,Lubumbashi,2023-10-08,Shigella,1.86,2.0550888661982807
DRC,Lubumbashi,2023-10-08,Rotavirus,5.88,5.533050088474555
DRC,Lubumbashi,2023-10-15,Cholera,9.12,1.97101874502074
DRC,Lubumbashi,2023-10-15,E. coli,1.76,1.9967084128103594
DRC,Lubumbashi,2023-10-15,Salmonella,0.0,1.925201130192164
DRC,Lubumbashi,2023-10-15,Shigella,0.0,2.0550888661982807
DRC,Lubumbashi,2023-10-15,Rotavirus,0.0,1.9122731147099328
DRC,Lubumbashi,2023-10-22,Cholera,1.97,1.97101874502074
DRC,Lubumbashi,2023-10-22,E. coli,0.0,1.9967084128103594
DRC,Lubumbashi,2023-10-22,Salmonella,0.93,1.925201130192164
DRC,Lubumbashi,2023-10-22,Shigella,6.41,2.0550888661982807
DRC,Lubumbashi,2023-10-22,Rotavirus,0.0,1.9122731147099328
DRC,Lubumbashi,2023-10-29,Cholera,0.0,1.97101874502074
DRC,Lubumbashi,2023-10-29,E. coli,0.0,1.9967084128103594
DRC,Lubumbashi,2023-10-29,Salmonella,0.0,1.925201130192164
DRC,Lubumbashi,2023-10-29,Shigella,1.13,2.0550888661982807
DRC,Lubumbashi,2023-10-29,Rotavirus,0.0,1.9122731147099328
DRC,Lubumbashi,2023-11-05,Cholera,0.0,1.97101874502074
DRC,Lubumbashi,2023-11-05,E. coli,8.36,1.9967084128103594
DRC,Lubumbashi,2023-11-05,Salmonella,0.0,1.925201130192164
DRC,Lubumbashi,2023-11-05,Shigella,0.0,2.0550888661982807
DRC,Lubumbashi,2023-11-05,Rotavirus,6.37,1.9122731147099328
DRC,Lubumbashi,2023-11-12,Cholera,0.0,1.97101874502074
DRC,Lubumbashi,2023-11-12,E. coli,1.68,1.9967084128103594
DRC,Lubumbashi,2023-11-12,Salmonella,1.82,1.925201130192164
DRC,Lubumbashi,2023-11-12,Shigella,4.3,2.0550888661982807
DRC,Lubumbashi,2023-11-12,Rotavirus,0.0,1.9122731147099328
DRC,Lubumbashi,2023-11-19,Cholera,0.0,1.97101874502074
DRC,Lubumbashi,2023-11-19,E. coli,0.0,1.9967084128103594
DRC,Lubumbashi,2023-11-19,Salmonella,0.0,1.925201130192164
DRC,Lubumbashi,2023-11-19,Shigella,3.93,2.0550888661982807
DRC,Lubumbashi,2023-11-19,Rotavirus,1.83,1.9122731147099328
DRC,Lubumbashi,2023-11-26,Cholera,2.6,1.97101874502074
DRC,Lubumbashi,2023-11-26,E. coli,0.0,1.9967084128103594
DRC,Lubumbashi,2023-11-26,Salmonella,1.0,1.925201130192164
DRC,Lubumbashi,2023-11-26,Shigella,7.28,2.0550888661982807
DRC,Lubumbashi,2023-11-26,Rotavirus,15.82,4.90264344578272
DRC,Lubumbashi,2023-12-03,Cholera,3.21,5.594197082493951
DRC,Lubumbashi,2023-12-03,E. coli,0.0,1.9967084128103594
DRC,Lubumbashi,2023-12-03,Salmonella,6.85,1.925201130192164
DRC,Lubumbashi,2023-12-03,Shigella,0.0,2.0550888661982807
DRC,Lubumbashi,2023-12-03,Rotavirus,0.0,1.9122731147099328
DRC,Lubumbashi,2023-12-10,Cholera,0.0,1.97101874502074
DRC,Lubumbashi,2023-12-10,E. coli,0.0,1.9967084128103594
DRC,Lubumbashi,2023-12-10,Salmonella,0.0,1.925201130192164
DRC,Lubumbashi,2023-12-10,Shigella,0.0,2.0550888661982807
DRC,Lubumbashi,2023-12-10,Rotavirus,0.89,1.9122731147099328
DRC,Lubumbashi,2023-12-17,Cholera,0.0,2.0692752527738536
DRC,Lubumbashi,2023-12-17,E. coli,0.0,2.2291758134190744
DRC,Lubumbashi,2023-12-17,Salmonella,11.16,1.925201130192164
DRC,Lubumbashi,2023-12-17,Shigella,0.0,2.104376365460021
DRC,Lubumbashi,2023-12-17,Rotavirus,1.58,1.958328202416417
DRC,Lubumbashi,2023-12-24,Cholera,11.04,2.220225777456931
DRC,Lubumbashi,2023-12-24,E. coli,6.85,2.0100028789756625
DRC,Lubumbashi,2023-12-24,Salmonella,0.0,2.221703709048359
DRC,Lubumbashi,2023-12-24,Shigella,10.92,2.956298958709764
DRC,Lubumbashi,2023-12-24,Rotavirus,0.0,2.2367211825328006
